timestamp,monitor_mac,target_mac,rssi,anchor_position_x,anchor_position_y,target_position_x,target_position_y
1734006350.8599703,483fda467e7a,d81c79de34e1,-36.0,1461,241,1153.5967741935485,605.7645161290325
1734006350.8649669,f8b3b732fb6c,d81c79de34e1,-50.0,1461,241,1153.5967741935485,605.7645161290325
1734006350.8686876,f8b3b732fb6c,483fda467e7a,-17.0,1461,241,1153.5967741935485,605.7645161290325
1734006350.871117,08a6f7a1e5c8,d81c79de34e1,-59.0,884,45,1153.5967741935485,605.7645161290325
1734006350.8740647,08a6f7a1e5c8,483fda467e7a,-74.0,884,45,1153.5967741935485,605.7645161290325
1734006350.8771029,a4cf12fdaea9,d81c79de34e1,-51.0,861,580,1153.5967741935485,605.7645161290325
1734006350.885059,483fda467e7a,f8b3b732fb6c,-23.0,1461,241,1153.5967741935485,605.7645161290325
1734006350.8880613,483fda467e7a,08a6f7a1e5c8,-73.0,1461,241,1153.5967741935485,605.7645161290325
1734006350.891061,f8b3b732fb6c,a4cf12fdaea9,-65.0,1461,241,1153.5967741935485,605.7645161290325
1734006350.893045,a4cf12fdaea9,483fda467e7a,-74.0,861,580,1153.5967741935485,605.7645161290325
1734006350.8990438,483fda467e7a,a4cf12fdaea9,-68.0,1461,241,1153.5967741935485,605.7645161290325
1734006350.901046,a4cf12fdaea9,f8b3b732fb6c,-71.0,861,580,1153.5967741935485,605.7645161290325
1734006351.454535,a4cf12fdaea9,d81c79de34e1,-56.0,861,580,1153.5967741935485,605.7645161290325
1734006351.458573,483fda467e7a,d81c79de34e1,-37.0,1461,241,1153.5967741935485,605.7645161290325
1734006351.461754,483fda467e7a,a4cf12fdaea9,-69.0,1461,241,1153.5967741935485,605.7645161290325
1734006351.4647558,f8b3b734347c,a4cf12fdaea9,-76.0,1047,884,1153.5967741935485,605.7645161290325
1734006351.4667575,f8b3b732fb6c,d81c79de34e1,-51.0,1461,241,1153.5967741935485,605.7645161290325
1734006351.4697602,a4cf12fdaea9,08a6f7a1e5c8,-64.0,861,580,1153.5967741935485,605.7645161290325
1734006351.4727678,483fda467e7a,f8b3b732fb6c,-22.0,1461,241,1153.5967741935485,605.7645161290325
1734006351.4747193,f8b3b732fb6c,a4cf12fdaea9,-64.0,1461,241,1153.5967741935485,605.7645161290325
1734006351.4806917,a4cf12fdaea9,f8b3b732fb6c,-70.0,861,580,1153.5967741935485,605.7645161290325
1734006351.4836884,f8b3b732fb6c,483fda467e7a,-17.0,1461,241,1153.5967741935485,605.7645161290325
1734006351.486686,08a6f7a1e5c8,f8b3b732fb6c,-78.0,884,45,1153.5967741935485,605.7645161290325
1734006351.4886785,d8bfc0117c7d,a4cf12fdaea9,-85.0,107,884,1153.5967741935485,605.7645161290325
1734006351.4936879,a4cf12fdaea9,d81c79de34e1,-55.0,861,580,1153.5967741935485,605.7645161290325
1734006351.4956713,f8b3b732fb6c,d81c79de34e1,-52.0,1461,241,1153.5967741935485,605.7645161290325
1734006351.4976285,f8b3b732fb6c,a4cf12fdaea9,-64.0,1461,241,1153.5967741935485,605.7645161290325
1734006351.4986148,483fda467e7a,a4cf12fdaea9,-70.0,1461,241,1153.5967741935485,605.7645161290325
1734006351.5006137,483fda467e7a,f8b3b732fb6c,-23.0,1461,241,1153.5967741935485,605.7645161290325
1734006351.5015802,f8b3b734347c,a4cf12fdaea9,-76.0,1047,884,1153.5967741935485,605.7645161290325
1734006351.5036092,a0a3b3ff35c0,f8b3b734347c,-92.0,2048,884,1153.5967741935485,605.7645161290325
1734006361.614142,a4cf12fdaea9,d81c79de34e1,-78.0,861,580,1153.5967741935485,605.7645161290325
1734006361.616184,a4cf12fdaea9,d81c79de34e1,-71.0,861,580,1153.5967741935485,605.7645161290325
1734006361.6181905,483fda467e7a,d81c79de34e1,-86.0,1461,241,1153.5967741935485,605.7645161290325
1734006361.6194851,08a6f7a1e5c8,d81c79de34e1,-90.0,884,45,1153.5967741935485,605.7645161290325
1734006361.6214874,a4cf12fdaea9,483fda467e7a,-71.0,861,580,1153.5967741935485,605.7645161290325
1734006361.62348,f8b3b732fb6c,d81c79de34e1,-90.0,1461,241,1153.5967741935485,605.7645161290325
1734006361.6254807,d8bfc0117c7d,a0a3b3ff66b4,-34.0,107,884,1153.5967741935485,605.7645161290325
1734006361.6275072,08a6f7a1e5c8,a4cf12fdaea9,-55.0,884,45,1153.5967741935485,605.7645161290325
1734006361.6305094,a4cf12fdaea9,08a6f7a1e5c8,-62.0,861,580,1153.5967741935485,605.7645161290325
1734006361.6325078,a4cf12fdaea9,f8b3b732fb6c,-77.0,861,580,1153.5967741935485,605.7645161290325
1734006361.6344724,483fda467e7a,08a6f7a1e5c8,-80.0,1461,241,1153.5967741935485,605.7645161290325
1734006361.636508,483fda467e7a,f8b3b732fb6c,-23.0,1461,241,1153.5967741935485,605.7645161290325
1734006361.638473,a0a3b3ff66b4,f8b3b734347c,-79.0,107,884,1153.5967741935485,605.7645161290325
1734006361.6405103,f8b3b734347c,08a6f7a1e5c8,-74.0,1047,884,1153.5967741935485,605.7645161290325
1734006361.6455169,f8b3b734347c,d81c79de34e1,-65.0,1047,884,1153.5967741935485,605.7645161290325
1734006361.6474917,f8b3b734347c,d8bfc0117c7d,-63.0,1047,884,1153.5967741935485,605.7645161290325
1734006361.6494884,f8b3b732fb6c,f8b3b734347c,-82.0,1461,241,1153.5967741935485,605.7645161290325
1734006361.6585898,08a6f7a1e5c8,f8b3b734347c,-75.0,884,45,1153.5967741935485,605.7645161290325
1734006361.660617,a4cf12fdaea9,d8bfc0117c7d,-86.0,861,580,1153.5967741935485,605.7645161290325
1734006361.662618,483fda467e7a,a4cf12fdaea9,-66.0,1461,241,1153.5967741935485,605.7645161290325
1734006361.663618,a4cf12fdaea9,483fda467e7a,-70.0,861,580,1153.5967741935485,605.7645161290325
1734006361.6691182,a4cf12fdaea9,d8bfc0117c7d,-86.0,861,580,1153.5967741935485,605.7645161290325
1734006361.6701083,a4cf12fdaea9,d81c79de34e1,-79.0,861,580,1153.5967741935485,605.7645161290325
1734006361.6721168,a4cf12fdaea9,483fda467e7a,-73.0,861,580,1153.5967741935485,605.7645161290325
1734006361.6731102,483fda467e7a,a4cf12fdaea9,-71.0,1461,241,1153.5967741935485,605.7645161290325
1734006361.675123,f8b3b732fb6c,a4cf12fdaea9,-72.0,1461,241,1153.5967741935485,605.7645161290325
1734006361.676108,a4cf12fdaea9,d81c79de34e1,-79.0,861,580,1153.5967741935485,605.7645161290325
1734006361.678111,f8b3b732fb6c,d81c79de34e1,-86.0,1461,241,1153.5967741935485,605.7645161290325
1734006361.679077,483fda467e7a,d81c79de34e1,-92.0,1461,241,1153.5967741935485,605.7645161290325
1734006361.6841056,f8b3b732fb6c,a4cf12fdaea9,-73.0,1461,241,1153.5967741935485,605.7645161290325
1734006361.6845634,d8bfc0117c7d,a0a3b3ff66b4,-34.0,107,884,1153.5967741935485,605.7645161290325
1734006361.6855881,a4cf12fdaea9,08a6f7a1e5c8,-60.0,861,580,1153.5967741935485,605.7645161290325
1734006361.6876183,d8bfc0117c7d,d81c79de34e1,-61.0,107,884,1153.5967741935485,605.7645161290325
1734006361.6886182,d8bfc0117c7d,d81c79de34e1,-61.0,107,884,1153.5967741935485,605.7645161290325
1734006361.703513,f8b3b734347c,d8bfc0117c7d,-63.0,1047,884,1153.5967741935485,605.7645161290325
1734006361.7044659,a0a3b3ff66b4,d81c79de34e1,-69.0,107,884,1153.5967741935485,605.7645161290325
1734006361.7054853,a4cf12fdaea9,a0a3b3ff66b4,-88.0,861,580,1153.5967741935485,605.7645161290325
1734006361.7064846,483fda467e7a,a0a3b3ff66b4,-90.0,1461,241,1153.5967741935485,605.7645161290325
1734006361.7074847,d8bfc0117c7d,a0a3b3ff66b4,-35.0,107,884,1153.5967741935485,605.7645161290325
1734006361.708485,483fda467e7a,f8b3b734347c,-78.0,1461,241,1153.5967741935485,605.7645161290325
1734006361.7094848,f8b3b732fb6c,f8b3b734347c,-82.0,1461,241,1153.5967741935485,605.7645161290325
1734006361.7104845,08a6f7a1e5c8,f8b3b734347c,-75.0,884,45,1153.5967741935485,605.7645161290325
1734006361.7114875,a4cf12fdaea9,f8b3b734347c,-85.0,861,580,1153.5967741935485,605.7645161290325
1734006361.714485,a0a3b3ff66b4,d81c79de34e1,-70.0,107,884,1153.5967741935485,605.7645161290325
1734006361.715537,a4cf12fdaea9,a0a3b3ff66b4,-88.0,861,580,1153.5967741935485,605.7645161290325
1734006361.7165337,d8bfc0117c7d,a0a3b3ff66b4,-34.0,107,884,1153.5967741935485,605.7645161290325
1734006361.7175229,24a1602ccfab,f8b3b734347c,-87.0,2048,884,1153.5967741935485,605.7645161290325
1734006361.7185295,d8bfc0117c7d,f8b3b734347c,-70.0,107,884,1153.5967741935485,605.7645161290325
1734006361.7194867,a0a3b3ff35c0,f8b3b734347c,-91.0,2048,884,1153.5967741935485,605.7645161290325
1734006361.720796,f8b3b734347c,d81c79de34e1,-61.0,1047,884,1153.5967741935485,605.7645161290325
1734006361.7218127,f8b3b734347c,d8bfc0117c7d,-64.0,1047,884,1153.5967741935485,605.7645161290325
1734006361.7298148,f8b3b732fb6c,f8b3b734347c,-81.0,1461,241,1153.5967741935485,605.7645161290325
1734006361.7308154,f8b3b734347c,d81c79de34e1,-62.0,1047,884,1153.5967741935485,605.7645161290325
1734006361.7318149,08a6f7a1e5c8,f8b3b734347c,-75.0,884,45,1153.5967741935485,605.7645161290325
1734006361.7328155,f8b3b732fb6c,f8b3b734347c,-82.0,1461,241,1153.5967741935485,605.7645161290325
1734006361.7338116,f8b3b734347c,d81c79de34e1,-61.0,1047,884,1153.5967741935485,605.7645161290325
1734006361.7348156,d8bfc0117c7d,f8b3b734347c,-72.0,107,884,1153.5967741935485,605.7645161290325
1734006361.7358136,483fda467e7a,f8b3b734347c,-78.0,1461,241,1153.5967741935485,605.7645161290325
1734006361.736812,f8b3b734347c,f8b3b732fb6c,-78.0,1047,884,1153.5967741935485,605.7645161290325
1734006361.737645,f8b3b734347c,483fda467e7a,-78.0,1047,884,1153.5967741935485,605.7645161290325
1734006361.7386637,f8b3b734347c,08a6f7a1e5c8,-73.0,1047,884,1153.5967741935485,605.7645161290325
1734006361.7396636,f8b3b734347c,d8bfc0117c7d,-64.0,1047,884,1153.5967741935485,605.7645161290325
1734006363.4839911,a4cf12fdaea9,d81c79de34e1,-89.0,861,580,1153.5967741935485,605.7645161290325
1734006363.484991,483fda467e7a,d81c79de34e1,-84.0,1461,241,1153.5967741935485,605.7645161290325
1734006363.4859922,08a6f7a1e5c8,d81c79de34e1,-80.0,884,45,1153.5967741935485,605.7645161290325
1734006363.4870021,f8b3b732fb6c,d81c79de34e1,-87.0,1461,241,1153.5967741935485,605.7645161290325
1734006363.4879906,08a6f7a1e5c8,a4cf12fdaea9,-55.0,884,45,1153.5967741935485,605.7645161290325
1734006363.4889908,483fda467e7a,a4cf12fdaea9,-65.0,1461,241,1153.5967741935485,605.7645161290325
1734006363.4889908,f8b3b732fb6c,a4cf12fdaea9,-72.0,1461,241,1153.5967741935485,605.7645161290325
1734006363.4900026,a4cf12fdaea9,483fda467e7a,-72.0,861,580,1153.5967741935485,605.7645161290325
1734006363.490997,a4cf12fdaea9,08a6f7a1e5c8,-61.0,861,580,1153.5967741935485,605.7645161290325
1734006363.4920053,a4cf12fdaea9,d81c79de34e1,-90.0,861,580,1153.5967741935485,605.7645161290325
1734006363.4929907,483fda467e7a,f8b3b732fb6c,-23.0,1461,241,1153.5967741935485,605.7645161290325
1734006363.493991,483fda467e7a,d81c79de34e1,-85.0,1461,241,1153.5967741935485,605.7645161290325
1734006363.4949913,a4cf12fdaea9,d8bfc0117c7d,-84.0,861,580,1153.5967741935485,605.7645161290325
1734006363.495991,a4cf12fdaea9,d8bfc0117c7d,-83.0,861,580,1153.5967741935485,605.7645161290325
1734006363.495991,08a6f7a1e5c8,f8b3b732fb6c,-74.0,884,45,1153.5967741935485,605.7645161290325
1734006363.4999907,f8b3b732fb6c,483fda467e7a,-17.0,1461,241,1153.5967741935485,605.7645161290325
1734006363.5009906,f8b3b732fb6c,d8bfc0117c7d,-84.0,1461,241,1153.5967741935485,605.7645161290325
1734006363.5279915,08a6f7a1e5c8,a4cf12fdaea9,-55.0,884,45,1153.5967741935485,605.7645161290325
1734006363.5289993,f8b3b732fb6c,d8bfc0117c7d,-81.0,1461,241,1153.5967741935485,605.7645161290325
1734006363.5299938,08a6f7a1e5c8,483fda467e7a,-79.0,884,45,1153.5967741935485,605.7645161290325
1734006363.530991,f8b3b732fb6c,d8bfc0117c7d,-85.0,1461,241,1153.5967741935485,605.7645161290325
1734006363.5319912,d8bfc0117c7d,a0a3b3ff35c0,-81.0,107,884,1153.5967741935485,605.7645161290325
1734006363.5329907,f8b3b732fb6c,f8b3b734347c,-79.0,1461,241,1153.5967741935485,605.7645161290325
1734006363.5339909,08a6f7a1e5c8,d8bfc0117c7d,-92.0,884,45,1153.5967741935485,605.7645161290325
1734006363.5349908,483fda467e7a,f8b3b734347c,-79.0,1461,241,1153.5967741935485,605.7645161290325
1734006363.5349908,f8b3b732fb6c,f8b3b734347c,-82.0,1461,241,1153.5967741935485,605.7645161290325
1734006363.5359907,d8bfc0117c7d,d81c79de34e1,-59.0,107,884,1153.5967741935485,605.7645161290325
1734006363.5369906,a4cf12fdaea9,f8b3b734347c,-69.0,861,580,1153.5967741935485,605.7645161290325
1734006363.5379922,f8b3b734347c,a0a3b3ff66b4,-78.0,1047,884,1153.5967741935485,605.7645161290325
1734006363.5389938,a0a3b3ff66b4,d81c79de34e1,-66.0,107,884,1153.5967741935485,605.7645161290325
1734006363.540003,f8b3b734347c,d81c79de34e1,-61.0,1047,884,1153.5967741935485,605.7645161290325
1734006363.5409915,08a6f7a1e5c8,a0a3b3ff66b4,-94.0,884,45,1153.5967741935485,605.7645161290325
1734006363.5419908,f8b3b732fb6c,a0a3b3ff66b4,-95.0,1461,241,1153.5967741935485,605.7645161290325
1734006363.5429912,f8b3b734347c,d8bfc0117c7d,-71.0,1047,884,1153.5967741935485,605.7645161290325
1734006363.5429912,f8b3b732fb6c,f8b3b734347c,-82.0,1461,241,1153.5967741935485,605.7645161290325
1734006363.543998,08a6f7a1e5c8,f8b3b734347c,-75.0,884,45,1153.5967741935485,605.7645161290325
1734006363.61303,a4cf12fdaea9,d81c79de34e1,-85.0,861,580,1153.5967741935485,605.7645161290325
1734006363.6140301,f8b3b734347c,d81c79de34e1,-60.0,1047,884,1153.5967741935485,605.7645161290325
1734006363.6150296,08a6f7a1e5c8,d81c79de34e1,-79.0,884,45,1153.5967741935485,605.7645161290325
1734006363.6160297,483fda467e7a,f8b3b734347c,-77.0,1461,241,1153.5967741935485,605.7645161290325
1734006363.6170297,f8b3b732fb6c,d81c79de34e1,-86.0,1461,241,1153.5967741935485,605.7645161290325
1734006363.6180298,08a6f7a1e5c8,a4cf12fdaea9,-55.0,884,45,1153.5967741935485,605.7645161290325
1734006363.6180298,f8b3b732fb6c,483fda467e7a,-17.0,1461,241,1153.5967741935485,605.7645161290325
1734006363.6190317,483fda467e7a,08a6f7a1e5c8,-78.0,1461,241,1153.5967741935485,605.7645161290325
1734006363.6200426,d8bfc0117c7d,a4cf12fdaea9,-88.0,107,884,1153.5967741935485,605.7645161290325
1734006363.6210299,a4cf12fdaea9,f8b3b734347c,-86.0,861,580,1153.5967741935485,605.7645161290325
1734006363.6220298,f8b3b732fb6c,f8b3b734347c,-80.0,1461,241,1153.5967741935485,605.7645161290325
1734006363.6230297,d8bfc0117c7d,a0a3b3ff35c0,-86.0,107,884,1153.5967741935485,605.7645161290325
1734006363.6240296,f8b3b732fb6c,08a6f7a1e5c8,-76.0,1461,241,1153.5967741935485,605.7645161290325
1734006363.6240296,08a6f7a1e5c8,f8b3b732fb6c,-74.0,884,45,1153.5967741935485,605.7645161290325
1734006363.6445482,a4cf12fdaea9,d81c79de34e1,-76.0,861,580,1153.5967741935485,605.7645161290325
1734006363.6455476,08a6f7a1e5c8,d81c79de34e1,-81.0,884,45,1153.5967741935485,605.7645161290325
1734006363.6465473,a4cf12fdaea9,08a6f7a1e5c8,-63.0,861,580,1153.5967741935485,605.7645161290325
1734006363.6475465,f8b3b732fb6c,08a6f7a1e5c8,-76.0,1461,241,1153.5967741935485,605.7645161290325
1734006363.6475465,f8b3b734347c,d81c79de34e1,-61.0,1047,884,1153.5967741935485,605.7645161290325
1734006363.6485486,f8b3b732fb6c,f8b3b734347c,-82.0,1461,241,1153.5967741935485,605.7645161290325
1734006363.6495464,483fda467e7a,f8b3b734347c,-78.0,1461,241,1153.5967741935485,605.7645161290325
1734006363.650546,08a6f7a1e5c8,f8b3b734347c,-76.0,884,45,1153.5967741935485,605.7645161290325
1734006363.6515465,a4cf12fdaea9,f8b3b734347c,-85.0,861,580,1153.5967741935485,605.7645161290325
1734006363.652546,d8bfc0117c7d,a4cf12fdaea9,-85.0,107,884,1153.5967741935485,605.7645161290325
1734006363.6535463,d8bfc0117c7d,a0a3b3ff35c0,-85.0,107,884,1153.5967741935485,605.7645161290325
1734006363.769096,d8bfc0117c7d,d81c79de34e1,-46.0,107,884,1153.5967741935485,605.7645161290325
1734006363.7700891,483fda467e7a,d81c79de34e1,-89.0,1461,241,1153.5967741935485,605.7645161290325
1734006363.7711024,f8b3b732fb6c,f8b3b734347c,-79.0,1461,241,1153.5967741935485,605.7645161290325
1734006363.77209,d8bfc0117c7d,24a1602ccfab,-80.0,107,884,1153.5967741935485,605.7645161290325
1734006363.7730904,f8b3b732fb6c,483fda467e7a,-17.0,1461,241,1153.5967741935485,605.7645161290325
1734006363.7740886,08a6f7a1e5c8,f8b3b734347c,-76.0,884,45,1153.5967741935485,605.7645161290325
1734006363.7750888,f8b3b732fb6c,08a6f7a1e5c8,-75.0,1461,241,1153.5967741935485,605.7645161290325
1734006363.7750888,08a6f7a1e5c8,483fda467e7a,-79.0,884,45,1153.5967741935485,605.7645161290325
1734006363.7760887,a4cf12fdaea9,d81c79de34e1,-79.0,861,580,1153.5967741935485,605.7645161290325
1734006363.7770889,483fda467e7a,08a6f7a1e5c8,-80.0,1461,241,1153.5967741935485,605.7645161290325
1734006363.7780893,d8bfc0117c7d,a4cf12fdaea9,-83.0,107,884,1153.5967741935485,605.7645161290325
1734006363.77909,a4cf12fdaea9,f8b3b734347c,-80.0,861,580,1153.5967741935485,605.7645161290325
1734006363.780089,a4cf12fdaea9,483fda467e7a,-66.0,861,580,1153.5967741935485,605.7645161290325
1734006363.780089,a4cf12fdaea9,08a6f7a1e5c8,-62.0,861,580,1153.5967741935485,605.7645161290325
1734006363.8100886,a4cf12fdaea9,d81c79de34e1,-83.0,861,580,1153.5967741935485,605.7645161290325
1734006363.8120892,08a6f7a1e5c8,d81c79de34e1,-84.0,884,45,1153.5967741935485,605.7645161290325
1734006363.8130891,f8b3b732fb6c,d81c79de34e1,-95.0,1461,241,1153.5967741935485,605.7645161290325
1734006363.8140893,483fda467e7a,a4cf12fdaea9,-65.0,1461,241,1153.5967741935485,605.7645161290325
1734006363.8140893,a4cf12fdaea9,08a6f7a1e5c8,-62.0,861,580,1153.5967741935485,605.7645161290325
1734006363.8150907,f8b3b732fb6c,a4cf12fdaea9,-73.0,1461,241,1153.5967741935485,605.7645161290325
1734006363.8160894,f8b3b732fb6c,08a6f7a1e5c8,-76.0,1461,241,1153.5967741935485,605.7645161290325
1734006363.8170888,08a6f7a1e5c8,f8b3b732fb6c,-74.0,884,45,1153.5967741935485,605.7645161290325
1734006363.81809,f8b3b734347c,d81c79de34e1,-70.0,1047,884,1153.5967741935485,605.7645161290325
1734006363.8190887,483fda467e7a,f8b3b732fb6c,-23.0,1461,241,1153.5967741935485,605.7645161290325
1734006363.8190887,f8b3b732fb6c,f8b3b734347c,-82.0,1461,241,1153.5967741935485,605.7645161290325
1734006363.8200893,a4cf12fdaea9,f8b3b734347c,-85.0,861,580,1153.5967741935485,605.7645161290325
1734006363.821099,483fda467e7a,f8b3b734347c,-79.0,1461,241,1153.5967741935485,605.7645161290325
1734006363.9240892,a4cf12fdaea9,d81c79de34e1,-81.0,861,580,1153.5967741935485,605.7645161290325
1734006363.92609,d8bfc0117c7d,d81c79de34e1,-46.0,107,884,1153.5967741935485,605.7645161290325
1734006363.92609,483fda467e7a,a4cf12fdaea9,-65.0,1461,241,1153.5967741935485,605.7645161290325
1734006363.9271069,483fda467e7a,d8bfc0117c7d,-83.0,1461,241,1153.5967741935485,605.7645161290325
1734006363.9280896,f8b3b732fb6c,a4cf12fdaea9,-74.0,1461,241,1153.5967741935485,605.7645161290325
1734006363.9290893,d8bfc0117c7d,a0a3b3ff66b4,-34.0,107,884,1153.5967741935485,605.7645161290325
1734006363.9300973,f8b3b732fb6c,483fda467e7a,-17.0,1461,241,1153.5967741935485,605.7645161290325
1734006363.931089,a4cf12fdaea9,08a6f7a1e5c8,-61.0,861,580,1153.5967741935485,605.7645161290325
1734006363.9320903,a4cf12fdaea9,d8bfc0117c7d,-84.0,861,580,1153.5967741935485,605.7645161290325
1734006363.933089,f8b3b732fb6c,d8bfc0117c7d,-81.0,1461,241,1153.5967741935485,605.7645161290325
1734006363.933089,f8b3b734347c,a4cf12fdaea9,-78.0,1047,884,1153.5967741935485,605.7645161290325
1734006363.934089,f8b3b734347c,d8bfc0117c7d,-67.0,1047,884,1153.5967741935485,605.7645161290325
1734006364.5124261,f8b3b732fb6c,d81c79de34e1,-92.0,1461,241,1153.5967741935485,605.7645161290325
1734006364.514393,08a6f7a1e5c8,d81c79de34e1,-90.0,884,45,1153.5967741935485,605.7645161290325
1734006364.5154307,08a6f7a1e5c8,f8b3b732fb6c,-74.0,884,45,1153.5967741935485,605.7645161290325
1734006364.5163987,a4cf12fdaea9,f8b3b732fb6c,-76.0,861,580,1153.5967741935485,605.7645161290325
1734006364.5167027,483fda467e7a,f8b3b732fb6c,-22.0,1461,241,1153.5967741935485,605.7645161290325
1734006364.5177183,483fda467e7a,08a6f7a1e5c8,-79.0,1461,241,1153.5967741935485,605.7645161290325
1734006364.5187588,d8bfc0117c7d,24a1602ccfab,-78.0,107,884,1153.5967741935485,605.7645161290325
1734006364.5197175,a4cf12fdaea9,08a6f7a1e5c8,-60.0,861,580,1153.5967741935485,605.7645161290325
1734006364.520719,f8b3b732fb6c,08a6f7a1e5c8,-75.0,1461,241,1153.5967741935485,605.7645161290325
1734006364.521756,f8b3b734347c,d81c79de34e1,-66.0,1047,884,1153.5967741935485,605.7645161290325
1734006364.521756,483fda467e7a,f8b3b734347c,-77.0,1461,241,1153.5967741935485,605.7645161290325
1734006365.6592588,a4cf12fdaea9,d81c79de34e1,-87.0,861,580,1153.5967741935485,605.7645161290325
1734006365.66426,08a6f7a1e5c8,d81c79de34e1,-90.0,884,45,1153.5967741935485,605.7645161290325
1734006365.6672165,483fda467e7a,a4cf12fdaea9,-65.0,1461,241,1153.5967741935485,605.7645161290325
1734006365.6702566,08a6f7a1e5c8,a4cf12fdaea9,-55.0,884,45,1153.5967741935485,605.7645161290325
1734006365.6742575,d8bfc0117c7d,d81c79de34e1,-55.0,107,884,1153.5967741935485,605.7645161290325
1734006365.6774404,a4cf12fdaea9,08a6f7a1e5c8,-62.0,861,580,1153.5967741935485,605.7645161290325
1734006365.6824255,d8bfc0117c7d,a4cf12fdaea9,-83.0,107,884,1153.5967741935485,605.7645161290325
1734006365.6844275,a4cf12fdaea9,d8bfc0117c7d,-82.0,861,580,1153.5967741935485,605.7645161290325
1734006365.6875243,483fda467e7a,d8bfc0117c7d,-92.0,1461,241,1153.5967741935485,605.7645161290325
1734006365.6890607,f8b3b732fb6c,a4cf12fdaea9,-73.0,1461,241,1153.5967741935485,605.7645161290325
1734006365.6910603,483fda467e7a,f8b3b734347c,-78.0,1461,241,1153.5967741935485,605.7645161290325
1734006365.6970606,08a6f7a1e5c8,f8b3b734347c,-75.0,884,45,1153.5967741935485,605.7645161290325
1734006365.6990602,f8b3b732fb6c,d8bfc0117c7d,-89.0,1461,241,1153.5967741935485,605.7645161290325
1734006365.7021186,a4cf12fdaea9,f8b3b734347c,-85.0,861,580,1153.5967741935485,605.7645161290325
1734006374.9199808,d8bfc0117c7d,d81c79de34e1,-56.0,107,884,1153.5967741935485,605.7645161290325
1734006374.9240396,f8b3b732fb6c,d81c79de34e1,-89.0,1461,241,1153.5967741935485,605.7645161290325
1734006374.9280403,a4cf12fdaea9,d8bfc0117c7d,-85.0,861,580,1153.5967741935485,605.7645161290325
1734006374.9320385,d8bfc0117c7d,a0a3b3ff66b4,-35.0,107,884,1153.5967741935485,605.7645161290325
1734006374.9350457,483fda467e7a,d81c79de34e1,-84.0,1461,241,1153.5967741935485,605.7645161290325
1734006374.9390416,f8b3b732fb6c,d8bfc0117c7d,-81.0,1461,241,1153.5967741935485,605.7645161290325
1734006374.9429817,08a6f7a1e5c8,d8bfc0117c7d,-83.0,884,45,1153.5967741935485,605.7645161290325
1734006374.9459724,a4cf12fdaea9,f8b3b732fb6c,-72.0,861,580,1153.5967741935485,605.7645161290325
1734006374.9469771,483fda467e7a,d8bfc0117c7d,-85.0,1461,241,1153.5967741935485,605.7645161290325
1734006374.9479911,483fda467e7a,f8b3b732fb6c,-23.0,1461,241,1153.5967741935485,605.7645161290325
1734006374.9489756,d8bfc0117c7d,a0a3b3ff35c0,-87.0,107,884,1153.5967741935485,605.7645161290325
1734006374.9500005,a4cf12fdaea9,483fda467e7a,-74.0,861,580,1153.5967741935485,605.7645161290325
1734006374.9510088,f8b3b734347c,d81c79de34e1,-68.0,1047,884,1153.5967741935485,605.7645161290325
1734006374.9520743,d8bfc0117c7d,24a1602ccfab,-76.0,107,884,1153.5967741935485,605.7645161290325
1734006374.9520743,483fda467e7a,d81c79de34e1,-84.0,1461,241,1153.5967741935485,605.7645161290325
1734006374.952977,08a6f7a1e5c8,d8bfc0117c7d,-83.0,884,45,1153.5967741935485,605.7645161290325
1734006374.9542193,f8b3b732fb6c,d8bfc0117c7d,-88.0,1461,241,1153.5967741935485,605.7645161290325
1734006374.9552395,08a6f7a1e5c8,483fda467e7a,-77.0,884,45,1153.5967741935485,605.7645161290325
1734006374.9562764,f8b3b734347c,d8bfc0117c7d,-76.0,1047,884,1153.5967741935485,605.7645161290325
1734006374.9572735,f8b3b734347c,a0a3b3ff66b4,-75.0,1047,884,1153.5967741935485,605.7645161290325
1734006374.9944448,a4cf12fdaea9,d81c79de34e1,-83.0,861,580,1153.5967741935485,605.7645161290325
1734006374.996396,08a6f7a1e5c8,d81c79de34e1,-82.0,884,45,1153.5967741935485,605.7645161290325
1734006374.996396,d8bfc0117c7d,d81c79de34e1,-51.0,107,884,1153.5967741935485,605.7645161290325
1734006374.9977202,a4cf12fdaea9,08a6f7a1e5c8,-61.0,861,580,1153.5967741935485,605.7645161290325
1734006374.998734,483fda467e7a,08a6f7a1e5c8,-75.0,1461,241,1153.5967741935485,605.7645161290325
1734006374.999734,483fda467e7a,d8bfc0117c7d,-84.0,1461,241,1153.5967741935485,605.7645161290325
1734006375.0007339,f8b3b732fb6c,d81c79de34e1,-90.0,1461,241,1153.5967741935485,605.7645161290325
1734006375.0007339,08a6f7a1e5c8,a4cf12fdaea9,-55.0,884,45,1153.5967741935485,605.7645161290325
1734006375.0017338,483fda467e7a,f8b3b732fb6c,-24.0,1461,241,1153.5967741935485,605.7645161290325
1734006375.0027375,08a6f7a1e5c8,d8bfc0117c7d,-83.0,884,45,1153.5967741935485,605.7645161290325
1734006375.003734,a4cf12fdaea9,d8bfc0117c7d,-81.0,861,580,1153.5967741935485,605.7645161290325
1734006375.0047367,f8b3b732fb6c,483fda467e7a,-18.0,1461,241,1153.5967741935485,605.7645161290325
1734006375.0057337,a4cf12fdaea9,f8b3b732fb6c,-79.0,861,580,1153.5967741935485,605.7645161290325
1734006375.0494065,a4cf12fdaea9,d81c79de34e1,-80.0,861,580,1153.5967741935485,605.7645161290325
1734006375.0514336,483fda467e7a,d81c79de34e1,-81.0,1461,241,1153.5967741935485,605.7645161290325
1734006375.0534651,f8b3b732fb6c,d81c79de34e1,-87.0,1461,241,1153.5967741935485,605.7645161290325
1734006375.0544822,08a6f7a1e5c8,d81c79de34e1,-87.0,884,45,1153.5967741935485,605.7645161290325
1734006375.0564713,f8b3b732fb6c,a4cf12fdaea9,-73.0,1461,241,1153.5967741935485,605.7645161290325
1734006375.0574317,d8bfc0117c7d,d81c79de34e1,-62.0,107,884,1153.5967741935485,605.7645161290325
1734006375.059436,483fda467e7a,a4cf12fdaea9,-66.0,1461,241,1153.5967741935485,605.7645161290325
1734006375.0614307,08a6f7a1e5c8,a4cf12fdaea9,-56.0,884,45,1153.5967741935485,605.7645161290325
1734006375.0624304,483fda467e7a,f8b3b732fb6c,-24.0,1461,241,1153.5967741935485,605.7645161290325
1734006375.0644302,a4cf12fdaea9,483fda467e7a,-73.0,861,580,1153.5967741935485,605.7645161290325
1734006375.065431,a4cf12fdaea9,08a6f7a1e5c8,-62.0,861,580,1153.5967741935485,605.7645161290325
1734006375.0677457,f8b3b732fb6c,483fda467e7a,-18.0,1461,241,1153.5967741935485,605.7645161290325
1734006375.0689843,a4cf12fdaea9,d8bfc0117c7d,-77.0,861,580,1153.5967741935485,605.7645161290325
1734006375.0699818,f8b3b732fb6c,08a6f7a1e5c8,-73.0,1461,241,1153.5967741935485,605.7645161290325
1734006380.8682961,a4cf12fdaea9,d81c79de34e1,-62.0,861,580,1153.5967741935485,605.7645161290325
1734006380.8723512,483fda467e7a,a4cf12fdaea9,-67.0,1461,241,1153.5967741935485,605.7645161290325
1734006380.8763628,f8b3b734347c,d81c79de34e1,-56.0,1047,884,1153.5967741935485,605.7645161290325
1734006380.8793395,08a6f7a1e5c8,d81c79de34e1,-67.0,884,45,1153.5967741935485,605.7645161290325
1734006380.8822944,f8b3b732fb6c,d81c79de34e1,-68.0,1461,241,1153.5967741935485,605.7645161290325
1734006380.8858037,483fda467e7a,f8b3b734347c,-77.0,1461,241,1153.5967741935485,605.7645161290325
1734006380.8893156,483fda467e7a,08a6f7a1e5c8,-77.0,1461,241,1153.5967741935485,605.7645161290325
1734006380.892316,f8b3b732fb6c,a4cf12fdaea9,-73.0,1461,241,1153.5967741935485,605.7645161290325
1734006380.895318,08a6f7a1e5c8,a4cf12fdaea9,-55.0,884,45,1153.5967741935485,605.7645161290325
1734006380.8972864,f8b3b732fb6c,483fda467e7a,-17.0,1461,241,1153.5967741935485,605.7645161290325
1734006380.9023097,a4cf12fdaea9,f8b3b734347c,-88.0,861,580,1153.5967741935485,605.7645161290325
1734006380.904545,a4cf12fdaea9,08a6f7a1e5c8,-71.0,861,580,1153.5967741935485,605.7645161290325
1734006380.9064083,d8bfc0117c7d,d81c79de34e1,-67.0,107,884,1153.5967741935485,605.7645161290325
1734006380.9084003,08a6f7a1e5c8,f8b3b734347c,-75.0,884,45,1153.5967741935485,605.7645161290325
1734006381.4748893,483fda467e7a,d81c79de34e1,-85.0,1461,241,1153.5967741935485,605.7645161290325
1734006381.4795053,f8b3b732fb6c,d81c79de34e1,-77.0,1461,241,1153.5967741935485,605.7645161290325
1734006381.48224,08a6f7a1e5c8,d81c79de34e1,-71.0,884,45,1153.5967741935485,605.7645161290325
1734006381.4862554,f8b3b732fb6c,483fda467e7a,-16.0,1461,241,1153.5967741935485,605.7645161290325
1734006381.488235,08a6f7a1e5c8,483fda467e7a,-78.0,884,45,1153.5967741935485,605.7645161290325
1734006381.4912367,d8bfc0117c7d,d81c79de34e1,-78.0,107,884,1153.5967741935485,605.7645161290325
1734006381.4942343,483fda467e7a,f8b3b732fb6c,-22.0,1461,241,1153.5967741935485,605.7645161290325
1734006381.5022507,a4cf12fdaea9,d81c79de34e1,-66.0,861,580,1153.5967741935485,605.7645161290325
1734006381.5054586,483fda467e7a,08a6f7a1e5c8,-76.0,1461,241,1153.5967741935485,605.7645161290325
1734006381.5083988,a4cf12fdaea9,483fda467e7a,-72.0,861,580,1153.5967741935485,605.7645161290325
1734006381.511231,a4cf12fdaea9,f8b3b732fb6c,-70.0,861,580,1153.5967741935485,605.7645161290325
1734006381.5154738,d8bfc0117c7d,a0a3b3ff66b4,-34.0,107,884,1153.5967741935485,605.7645161290325
1734006381.517475,a4cf12fdaea9,08a6f7a1e5c8,-62.0,861,580,1153.5967741935485,605.7645161290325
1734006381.5194566,a4cf12fdaea9,d81c79de34e1,-73.0,861,580,1153.5967741935485,605.7645161290325
1734006381.521455,f8b3b732fb6c,d81c79de34e1,-86.0,1461,241,1153.5967741935485,605.7645161290325
1734006381.5224657,08a6f7a1e5c8,d81c79de34e1,-74.0,884,45,1153.5967741935485,605.7645161290325
1734006381.5244613,483fda467e7a,f8b3b732fb6c,-22.0,1461,241,1153.5967741935485,605.7645161290325
1734006381.525456,f8b3b732fb6c,483fda467e7a,-18.0,1461,241,1153.5967741935485,605.7645161290325
1734006381.5264187,a4cf12fdaea9,f8b3b732fb6c,-77.0,861,580,1153.5967741935485,605.7645161290325
1734006381.5294175,08a6f7a1e5c8,a4cf12fdaea9,-56.0,884,45,1153.5967741935485,605.7645161290325
1734006381.5304909,f8b3b732fb6c,08a6f7a1e5c8,-73.0,1461,241,1153.5967741935485,605.7645161290325
1734006381.531463,08a6f7a1e5c8,f8b3b732fb6c,-71.0,884,45,1153.5967741935485,605.7645161290325
1734006381.5325067,d8bfc0117c7d,d81c79de34e1,-75.0,107,884,1153.5967741935485,605.7645161290325
1734006381.5335205,d8bfc0117c7d,a4cf12fdaea9,-83.0,107,884,1153.5967741935485,605.7645161290325
1734006381.5355244,f8b3b732fb6c,d8bfc0117c7d,-79.0,1461,241,1153.5967741935485,605.7645161290325
1734006388.849586,a4cf12fdaea9,d81c79de34e1,-94.0,861,580,1153.5967741935485,605.7645161290325
1734006388.8545473,483fda467e7a,d81c79de34e1,-88.0,1461,241,1153.5967741935485,605.7645161290325
1734006388.8575761,d8bfc0117c7d,d81c79de34e1,-78.0,107,884,1153.5967741935485,605.7645161290325
1734006388.8596294,f8b3b732fb6c,d81c79de34e1,-90.0,1461,241,1153.5967741935485,605.7645161290325
1734006388.862629,a4cf12fdaea9,483fda467e7a,-71.0,861,580,1153.5967741935485,605.7645161290325
1734006388.8696573,d8bfc0117c7d,a4cf12fdaea9,-82.0,107,884,1153.5967741935485,605.7645161290325
1734006388.8726995,483fda467e7a,a4cf12fdaea9,-66.0,1461,241,1153.5967741935485,605.7645161290325
1734006388.8756993,a4cf12fdaea9,d8bfc0117c7d,-72.0,861,580,1153.5967741935485,605.7645161290325
1734006388.8776908,f8b3b732fb6c,d8bfc0117c7d,-87.0,1461,241,1153.5967741935485,605.7645161290325
1734006388.8796842,d8bfc0117c7d,a0a3b3ff66b4,-34.0,107,884,1153.5967741935485,605.7645161290325
1734006388.883696,08a6f7a1e5c8,f8b3b732fb6c,-71.0,884,45,1153.5967741935485,605.7645161290325
1734006388.8854334,d8bfc0117c7d,f8b3b734347c,-72.0,107,884,1153.5967741935485,605.7645161290325
1734006388.886625,d8bfc0117c7d,a0a3b3ff35c0,-83.0,107,884,1153.5967741935485,605.7645161290325
1734006388.887574,24a1602ccfab,d81c79de34e1,-67.0,2048,884,1153.5967741935485,605.7645161290325
1734006388.8896081,d8bfc0117c7d,24a1602ccfab,-73.0,107,884,1153.5967741935485,605.7645161290325
1734006388.8906078,f8b3b732fb6c,d81c79de34e1,-89.0,1461,241,1153.5967741935485,605.7645161290325
1734006388.891572,a4cf12fdaea9,a0a3b3ff35c0,-94.0,861,580,1153.5967741935485,605.7645161290325
1734006388.8925674,a4cf12fdaea9,24a1602ccfab,-89.0,861,580,1153.5967741935485,605.7645161290325
1734006388.8935711,a4cf12fdaea9,d81c79de34e1,-73.0,861,580,1153.5967741935485,605.7645161290325
1734006388.8955743,08a6f7a1e5c8,f8b3b732fb6c,-72.0,884,45,1153.5967741935485,605.7645161290325
1734006388.8985698,f8b3b732fb6c,a4cf12fdaea9,-73.0,1461,241,1153.5967741935485,605.7645161290325
1734006388.8995664,08a6f7a1e5c8,d8bfc0117c7d,-86.0,884,45,1153.5967741935485,605.7645161290325
1734006388.9005668,f8b3b732fb6c,483fda467e7a,-17.0,1461,241,1153.5967741935485,605.7645161290325
1734006388.9017496,f8b3b732fb6c,d8bfc0117c7d,-85.0,1461,241,1153.5967741935485,605.7645161290325
1734006388.9025083,a0a3b3ff66b4,24a1602ccfab,-79.0,107,884,1153.5967741935485,605.7645161290325
1734006388.903534,a0a3b3ff35c0,d8bfc0117c7d,-79.0,2048,884,1153.5967741935485,605.7645161290325
1734006388.9045334,f8b3b734347c,d81c79de34e1,-76.0,1047,884,1153.5967741935485,605.7645161290325
1734006388.9055262,d8bfc0117c7d,24a1602ccfab,-75.0,107,884,1153.5967741935485,605.7645161290325
1734006388.9065263,f8b3b734347c,a4cf12fdaea9,-81.0,1047,884,1153.5967741935485,605.7645161290325
1734006388.9075277,a0a3b3ff66b4,a4cf12fdaea9,-80.0,107,884,1153.5967741935485,605.7645161290325
1734006388.9085271,f8b3b734347c,483fda467e7a,-78.0,1047,884,1153.5967741935485,605.7645161290325
1734006388.909527,f8b3b734347c,d81c79de34e1,-71.0,1047,884,1153.5967741935485,605.7645161290325
1734006388.909527,483fda467e7a,a4cf12fdaea9,-64.0,1461,241,1153.5967741935485,605.7645161290325
1734006388.9105258,a4cf12fdaea9,f8b3b734347c,-90.0,861,580,1153.5967741935485,605.7645161290325
1734006388.9309936,08a6f7a1e5c8,a4cf12fdaea9,-56.0,884,45,1153.5967741935485,605.7645161290325
1734006388.9329522,d8bfc0117c7d,a0a3b3ff35c0,-86.0,107,884,1153.5967741935485,605.7645161290325
1734006388.933957,f8b3b734347c,d81c79de34e1,-72.0,1047,884,1153.5967741935485,605.7645161290325
1734006388.933957,483fda467e7a,f8b3b734347c,-78.0,1461,241,1153.5967741935485,605.7645161290325
1734006388.934971,f8b3b732fb6c,f8b3b734347c,-81.0,1461,241,1153.5967741935485,605.7645161290325
1734006388.935918,f8b3b734347c,d81c79de34e1,-81.0,1047,884,1153.5967741935485,605.7645161290325
1734006388.9369595,a4cf12fdaea9,d81c79de34e1,-88.0,861,580,1153.5967741935485,605.7645161290325
1734006388.9379194,483fda467e7a,f8b3b734347c,-78.0,1461,241,1153.5967741935485,605.7645161290325
1734006388.9389343,f8b3b732fb6c,f8b3b734347c,-80.0,1461,241,1153.5967741935485,605.7645161290325
1734006388.9401007,08a6f7a1e5c8,483fda467e7a,-77.0,884,45,1153.5967741935485,605.7645161290325
1734006388.9411292,08a6f7a1e5c8,f8b3b734347c,-75.0,884,45,1153.5967741935485,605.7645161290325
1734006388.9421282,a4cf12fdaea9,f8b3b734347c,-85.0,861,580,1153.5967741935485,605.7645161290325
1734006388.9431286,d8bfc0117c7d,24a1602ccfab,-73.0,107,884,1153.5967741935485,605.7645161290325
1734006388.9461708,f8b3b732fb6c,d8bfc0117c7d,-84.0,1461,241,1153.5967741935485,605.7645161290325
1734006388.9461708,08a6f7a1e5c8,f8b3b734347c,-75.0,884,45,1153.5967741935485,605.7645161290325
1734006388.9471745,d8bfc0117c7d,a0a3b3ff35c0,-84.0,107,884,1153.5967741935485,605.7645161290325
1734006388.9481282,08a6f7a1e5c8,f8b3b732fb6c,-73.0,884,45,1153.5967741935485,605.7645161290325
1734006388.9491284,a0a3b3ff35c0,d81c79de34e1,-61.0,2048,884,1153.5967741935485,605.7645161290325
1734006388.9501283,a0a3b3ff35c0,24a1602ccfab,-3.0,2048,884,1153.5967741935485,605.7645161290325
1734006388.951128,24a1602ccfab,a0a3b3ff35c0,-11.0,2048,884,1153.5967741935485,605.7645161290325
1734006392.5662785,f8b3b734347c,d81c79de34e1,-81.0,1047,884,1153.5967741935485,605.7645161290325
1734006392.570322,a4cf12fdaea9,f8b3b734347c,-88.0,861,580,1153.5967741935485,605.7645161290325
1734006392.5733073,08a6f7a1e5c8,f8b3b734347c,-75.0,884,45,1153.5967741935485,605.7645161290325
1734006392.5762758,d8bfc0117c7d,f8b3b734347c,-75.0,107,884,1153.5967741935485,605.7645161290325
1734006392.5792778,d8bfc0117c7d,a0a3b3ff66b4,-35.0,107,884,1153.5967741935485,605.7645161290325
1734006392.5843134,f8b3b732fb6c,f8b3b734347c,-81.0,1461,241,1153.5967741935485,605.7645161290325
1734006392.5878448,d8bfc0117c7d,24a1602ccfab,-75.0,107,884,1153.5967741935485,605.7645161290325
1734006392.5898461,24a1602ccfab,a0a3b3ff66b4,-88.0,2048,884,1153.5967741935485,605.7645161290325
1734006392.5928206,a0a3b3ff35c0,24a1602ccfab,-3.0,2048,884,1153.5967741935485,605.7645161290325
1734006392.599847,24a1602ccfab,a0a3b3ff66b4,-87.0,2048,884,1153.5967741935485,605.7645161290325
1734006392.6028452,24a1602ccfab,a0a3b3ff35c0,-12.0,2048,884,1153.5967741935485,605.7645161290325
1734006392.6058452,24a1602ccfab,d81c79de34e1,-39.0,2048,884,1153.5967741935485,605.7645161290325
1734006392.6082919,483fda467e7a,d81c79de34e1,-93.0,1461,241,1153.5967741935485,605.7645161290325
1734006392.6102455,f8b3b732fb6c,483fda467e7a,-17.0,1461,241,1153.5967741935485,605.7645161290325
1734006392.61428,08a6f7a1e5c8,483fda467e7a,-77.0,884,45,1153.5967741935485,605.7645161290325
1734006392.6152806,a4cf12fdaea9,d81c79de34e1,-94.0,861,580,1153.5967741935485,605.7645161290325
1734006392.6172843,08a6f7a1e5c8,a4cf12fdaea9,-56.0,884,45,1153.5967741935485,605.7645161290325
1734006392.6182332,a0a3b3ff66b4,a0a3b3ff35c0,-83.0,107,884,1153.5967741935485,605.7645161290325
1734006392.6202707,24a1602ccfab,a0a3b3ff35c0,-11.0,2048,884,1153.5967741935485,605.7645161290325
1734006392.6212695,d8bfc0117c7d,24a1602ccfab,-73.0,107,884,1153.5967741935485,605.7645161290325
1734006392.622229,a4cf12fdaea9,d8bfc0117c7d,-83.0,861,580,1153.5967741935485,605.7645161290325
1734006392.6233444,d8bfc0117c7d,24a1602ccfab,-74.0,107,884,1153.5967741935485,605.7645161290325
1734006392.6243694,f8b3b734347c,483fda467e7a,-78.0,1047,884,1153.5967741935485,605.7645161290325
1734006392.6283667,d8bfc0117c7d,a0a3b3ff66b4,-34.0,107,884,1153.5967741935485,605.7645161290325
1734006392.6293669,483fda467e7a,d81c79de34e1,-89.0,1461,241,1153.5967741935485,605.7645161290325
1734006392.630209,a4cf12fdaea9,483fda467e7a,-72.0,861,580,1153.5967741935485,605.7645161290325
1734006392.631232,f8b3b732fb6c,483fda467e7a,-18.0,1461,241,1153.5967741935485,605.7645161290325
1734006392.632229,d8bfc0117c7d,d81c79de34e1,-79.0,107,884,1153.5967741935485,605.7645161290325
1734006392.6332285,a4cf12fdaea9,a0a3b3ff66b4,-85.0,861,580,1153.5967741935485,605.7645161290325
1734006392.6342287,d8bfc0117c7d,a0a3b3ff66b4,-35.0,107,884,1153.5967741935485,605.7645161290325
1734006392.6352284,f8b3b734347c,a0a3b3ff66b4,-83.0,1047,884,1153.5967741935485,605.7645161290325
1734006392.6362648,d8bfc0117c7d,24a1602ccfab,-74.0,107,884,1153.5967741935485,605.7645161290325
1734006392.6894395,d8bfc0117c7d,d81c79de34e1,-74.0,107,884,1153.5967741935485,605.7645161290325
1734006392.6911607,f8b3b734347c,d81c79de34e1,-72.0,1047,884,1153.5967741935485,605.7645161290325
1734006392.6921804,08a6f7a1e5c8,d8bfc0117c7d,-87.0,884,45,1153.5967741935485,605.7645161290325
1734006392.6941786,a4cf12fdaea9,d81c79de34e1,-93.0,861,580,1153.5967741935485,605.7645161290325
1734006392.695179,a4cf12fdaea9,f8b3b734347c,-90.0,861,580,1153.5967741935485,605.7645161290325
1734006392.6961787,483fda467e7a,d8bfc0117c7d,-83.0,1461,241,1153.5967741935485,605.7645161290325
1734006392.6971788,f8b3b732fb6c,d81c79de34e1,-93.0,1461,241,1153.5967741935485,605.7645161290325
1734006392.698179,08a6f7a1e5c8,a4cf12fdaea9,-56.0,884,45,1153.5967741935485,605.7645161290325
1734006392.6991842,483fda467e7a,f8b3b734347c,-78.0,1461,241,1153.5967741935485,605.7645161290325
1734006392.7001827,f8b3b732fb6c,f8b3b734347c,-80.0,1461,241,1153.5967741935485,605.7645161290325
1734006392.702179,f8b3b732fb6c,483fda467e7a,-17.0,1461,241,1153.5967741935485,605.7645161290325
1734006392.7061791,a0a3b3ff66b4,f8b3b734347c,-84.0,107,884,1153.5967741935485,605.7645161290325
1734006392.7278562,d8bfc0117c7d,d81c79de34e1,-76.0,107,884,1153.5967741935485,605.7645161290325
1734006392.728854,f8b3b732fb6c,d81c79de34e1,-91.0,1461,241,1153.5967741935485,605.7645161290325
1734006392.7302668,08a6f7a1e5c8,d8bfc0117c7d,-86.0,884,45,1153.5967741935485,605.7645161290325
1734006392.73129,a4cf12fdaea9,d8bfc0117c7d,-83.0,861,580,1153.5967741935485,605.7645161290325
1734006392.7333333,d8bfc0117c7d,24a1602ccfab,-74.0,107,884,1153.5967741935485,605.7645161290325
1734006392.73529,483fda467e7a,d81c79de34e1,-88.0,1461,241,1153.5967741935485,605.7645161290325
1734006392.7362866,483fda467e7a,d8bfc0117c7d,-82.0,1461,241,1153.5967741935485,605.7645161290325
1734006392.7372897,f8b3b732fb6c,d8bfc0117c7d,-81.0,1461,241,1153.5967741935485,605.7645161290325
1734006392.7392862,a4cf12fdaea9,f8b3b732fb6c,-78.0,861,580,1153.5967741935485,605.7645161290325
1734006392.7402875,08a6f7a1e5c8,f8b3b732fb6c,-73.0,884,45,1153.5967741935485,605.7645161290325
1734006392.7413254,a4cf12fdaea9,483fda467e7a,-74.0,861,580,1153.5967741935485,605.7645161290325
1734006392.742295,d8bfc0117c7d,f8b3b734347c,-75.0,107,884,1153.5967741935485,605.7645161290325
1734006392.8429525,d8bfc0117c7d,d81c79de34e1,-77.0,107,884,1153.5967741935485,605.7645161290325
1734006392.8489718,a4cf12fdaea9,d8bfc0117c7d,-83.0,861,580,1153.5967741935485,605.7645161290325
1734006392.8519034,483fda467e7a,d81c79de34e1,-90.0,1461,241,1153.5967741935485,605.7645161290325
1734006392.854905,a4cf12fdaea9,483fda467e7a,-72.0,861,580,1153.5967741935485,605.7645161290325
1734006392.8579009,08a6f7a1e5c8,d8bfc0117c7d,-86.0,884,45,1153.5967741935485,605.7645161290325
1734006392.860908,08a6f7a1e5c8,483fda467e7a,-75.0,884,45,1153.5967741935485,605.7645161290325
1734006392.8651714,f8b3b732fb6c,d8bfc0117c7d,-85.0,1461,241,1153.5967741935485,605.7645161290325
1734006392.8671756,d8bfc0117c7d,a0a3b3ff35c0,-82.0,107,884,1153.5967741935485,605.7645161290325
1734006392.8691711,f8b3b732fb6c,483fda467e7a,-17.0,1461,241,1153.5967741935485,605.7645161290325
1734006392.8711772,f8b3b734347c,483fda467e7a,-78.0,1047,884,1153.5967741935485,605.7645161290325
1734006392.8906054,483fda467e7a,d81c79de34e1,-91.0,1461,241,1153.5967741935485,605.7645161290325
1734006392.8946507,a4cf12fdaea9,483fda467e7a,-71.0,861,580,1153.5967741935485,605.7645161290325
1734006392.8956468,08a6f7a1e5c8,483fda467e7a,-77.0,884,45,1153.5967741935485,605.7645161290325
1734006392.8966782,f8b3b732fb6c,483fda467e7a,-17.0,1461,241,1153.5967741935485,605.7645161290325
1734006392.8977175,483fda467e7a,f8b3b732fb6c,-24.0,1461,241,1153.5967741935485,605.7645161290325
1734006392.899739,24a1602ccfab,d8bfc0117c7d,-72.0,2048,884,1153.5967741935485,605.7645161290325
1734006392.900739,d8bfc0117c7d,a0a3b3ff66b4,-35.0,107,884,1153.5967741935485,605.7645161290325
1734006392.90174,24a1602ccfab,a0a3b3ff35c0,-11.0,2048,884,1153.5967741935485,605.7645161290325
1734006392.902705,d8bfc0117c7d,a0a3b3ff35c0,-82.0,107,884,1153.5967741935485,605.7645161290325
1734006392.9037046,f8b3b734347c,d81c79de34e1,-72.0,1047,884,1153.5967741935485,605.7645161290325
1734006392.904711,a4cf12fdaea9,f8b3b734347c,-88.0,861,580,1153.5967741935485,605.7645161290325
1734006392.9057002,d8bfc0117c7d,24a1602ccfab,-74.0,107,884,1153.5967741935485,605.7645161290325
1734006393.008803,24a1602ccfab,d81c79de34e1,-31.0,2048,884,1153.5967741935485,605.7645161290325
1734006393.0126388,a4cf12fdaea9,24a1602ccfab,-88.0,861,580,1153.5967741935485,605.7645161290325
1734006393.0156465,f8b3b732fb6c,24a1602ccfab,-96.0,1461,241,1153.5967741935485,605.7645161290325
1734006393.0187004,f8b3b734347c,d81c79de34e1,-74.0,1047,884,1153.5967741935485,605.7645161290325
1734006393.0206895,483fda467e7a,d81c79de34e1,-93.0,1461,241,1153.5967741935485,605.7645161290325
1734006393.023637,a4cf12fdaea9,f8b3b734347c,-86.0,861,580,1153.5967741935485,605.7645161290325
1734006393.025697,a4cf12fdaea9,483fda467e7a,-71.0,861,580,1153.5967741935485,605.7645161290325
1734006393.02869,08a6f7a1e5c8,f8b3b734347c,-75.0,884,45,1153.5967741935485,605.7645161290325
1734006393.0306919,08a6f7a1e5c8,483fda467e7a,-76.0,884,45,1153.5967741935485,605.7645161290325
1734006393.0336363,f8b3b732fb6c,f8b3b734347c,-81.0,1461,241,1153.5967741935485,605.7645161290325
1734006393.0406413,483fda467e7a,f8b3b734347c,-78.0,1461,241,1153.5967741935485,605.7645161290325
1734006393.0437021,f8b3b732fb6c,483fda467e7a,-17.0,1461,241,1153.5967741935485,605.7645161290325
1734006393.4511507,d8bfc0117c7d,d81c79de34e1,-74.0,107,884,1153.5967741935485,605.7645161290325
1734006393.4531085,f8b3b732fb6c,d8bfc0117c7d,-85.0,1461,241,1153.5967741935485,605.7645161290325
1734006393.4541056,483fda467e7a,d8bfc0117c7d,-83.0,1461,241,1153.5967741935485,605.7645161290325
1734006393.4551408,08a6f7a1e5c8,d8bfc0117c7d,-87.0,884,45,1153.5967741935485,605.7645161290325
1734006393.4561474,d8bfc0117c7d,a0a3b3ff35c0,-82.0,107,884,1153.5967741935485,605.7645161290325
1734006393.4571435,483fda467e7a,a0a3b3ff66b4,-92.0,1461,241,1153.5967741935485,605.7645161290325
1734006393.4581425,f8b3b732fb6c,f8b3b734347c,-80.0,1461,241,1153.5967741935485,605.7645161290325
1734006393.4581425,08a6f7a1e5c8,f8b3b734347c,-75.0,884,45,1153.5967741935485,605.7645161290325
1734006393.4591186,d8bfc0117c7d,a0a3b3ff66b4,-34.0,107,884,1153.5967741935485,605.7645161290325
1734006393.4602728,483fda467e7a,f8b3b734347c,-78.0,1461,241,1153.5967741935485,605.7645161290325
1734006393.4609594,24a1602ccfab,d81c79de34e1,-35.0,2048,884,1153.5967741935485,605.7645161290325
1734006393.4619746,d8bfc0117c7d,d81c79de34e1,-75.0,107,884,1153.5967741935485,605.7645161290325
1734006393.4629743,f8b3b732fb6c,24a1602ccfab,-96.0,1461,241,1153.5967741935485,605.7645161290325
1734006393.4639745,08a6f7a1e5c8,d8bfc0117c7d,-86.0,884,45,1153.5967741935485,605.7645161290325
1734006393.4649744,d8bfc0117c7d,a0a3b3ff66b4,-37.0,107,884,1153.5967741935485,605.7645161290325
1734006393.4659743,a0a3b3ff66b4,d81c79de34e1,-82.0,107,884,1153.5967741935485,605.7645161290325
1734006393.4669747,a4cf12fdaea9,a0a3b3ff66b4,-86.0,861,580,1153.5967741935485,605.7645161290325
1734006393.4953747,f8b3b732fb6c,a0a3b3ff66b4,-94.0,1461,241,1153.5967741935485,605.7645161290325
1734006393.4974074,a0a3b3ff35c0,d81c79de34e1,-60.0,2048,884,1153.5967741935485,605.7645161290325
1734006393.4983728,483fda467e7a,a0a3b3ff35c0,-90.0,1461,241,1153.5967741935485,605.7645161290325
1734006393.4994097,d8bfc0117c7d,d81c79de34e1,-76.0,107,884,1153.5967741935485,605.7645161290325
1734006393.5004115,08a6f7a1e5c8,d8bfc0117c7d,-86.0,884,45,1153.5967741935485,605.7645161290325
1734006393.5013711,f8b3b732fb6c,d81c79de34e1,-97.0,1461,241,1153.5967741935485,605.7645161290325
1734006393.5023692,08a6f7a1e5c8,f8b3b732fb6c,-72.0,884,45,1153.5967741935485,605.7645161290325
1734006393.5033693,a4cf12fdaea9,f8b3b732fb6c,-77.0,861,580,1153.5967741935485,605.7645161290325
1734006393.5048254,483fda467e7a,f8b3b732fb6c,-23.0,1461,241,1153.5967741935485,605.7645161290325
1734006393.5073693,08a6f7a1e5c8,d8bfc0117c7d,-87.0,884,45,1153.5967741935485,605.7645161290325
1734006393.508369,f8b3b734347c,d81c79de34e1,-78.0,1047,884,1153.5967741935485,605.7645161290325
1734006393.5093696,d8bfc0117c7d,a0a3b3ff35c0,-82.0,107,884,1153.5967741935485,605.7645161290325
1734006393.5103698,08a6f7a1e5c8,f8b3b734347c,-75.0,884,45,1153.5967741935485,605.7645161290325
1734006393.5113692,24a1602ccfab,d8bfc0117c7d,-71.0,2048,884,1153.5967741935485,605.7645161290325
1734006393.5124478,d8bfc0117c7d,24a1602ccfab,-72.0,107,884,1153.5967741935485,605.7645161290325
1734006393.5134692,a0a3b3ff66b4,24a1602ccfab,-87.0,107,884,1153.5967741935485,605.7645161290325
1734006393.5144653,a0a3b3ff35c0,24a1602ccfab,-2.0,2048,884,1153.5967741935485,605.7645161290325
1734006393.5154657,24a1602ccfab,d81c79de34e1,-34.0,2048,884,1153.5967741935485,605.7645161290325
1734006393.5174737,d8bfc0117c7d,d81c79de34e1,-76.0,107,884,1153.5967741935485,605.7645161290325
1734006393.5184717,a4cf12fdaea9,24a1602ccfab,-90.0,861,580,1153.5967741935485,605.7645161290325
1734006393.5194714,a4cf12fdaea9,d8bfc0117c7d,-74.0,861,580,1153.5967741935485,605.7645161290325
1734006394.5562124,d8bfc0117c7d,d81c79de34e1,-76.0,107,884,1153.5967741935485,605.7645161290325
1734006394.559173,a4cf12fdaea9,d8bfc0117c7d,-84.0,861,580,1153.5967741935485,605.7645161290325
1734006394.5601704,f8b3b732fb6c,d8bfc0117c7d,-86.0,1461,241,1153.5967741935485,605.7645161290325
1734006394.56217,483fda467e7a,d8bfc0117c7d,-83.0,1461,241,1153.5967741935485,605.7645161290325
1734006394.5631702,08a6f7a1e5c8,d8bfc0117c7d,-89.0,884,45,1153.5967741935485,605.7645161290325
1734006394.5651703,f8b3b732fb6c,d81c79de34e1,-94.0,1461,241,1153.5967741935485,605.7645161290325
1734006394.5661705,483fda467e7a,f8b3b732fb6c,-23.0,1461,241,1153.5967741935485,605.7645161290325
1734006394.5681715,08a6f7a1e5c8,f8b3b732fb6c,-73.0,884,45,1153.5967741935485,605.7645161290325
1734006394.5691707,f8b3b734347c,d8bfc0117c7d,-68.0,1047,884,1153.5967741935485,605.7645161290325
1734006394.57117,d8bfc0117c7d,a0a3b3ff66b4,-34.0,107,884,1153.5967741935485,605.7645161290325
1734006394.573169,a4cf12fdaea9,f8b3b732fb6c,-77.0,861,580,1153.5967741935485,605.7645161290325
1734006394.5741706,d8bfc0117c7d,24a1602ccfab,-70.0,107,884,1153.5967741935485,605.7645161290325
1734006394.5761697,f8b3b732fb6c,f8b3b734347c,-81.0,1461,241,1153.5967741935485,605.7645161290325
1734006394.5808032,d8bfc0117c7d,a0a3b3ff66b4,-35.0,107,884,1153.5967741935485,605.7645161290325
1734006394.5828083,24a1602ccfab,a0a3b3ff35c0,-11.0,2048,884,1153.5967741935485,605.7645161290325
1734006394.5848627,d8bfc0117c7d,a0a3b3ff35c0,-81.0,107,884,1153.5967741935485,605.7645161290325
1734006394.5858066,d8bfc0117c7d,a0a3b3ff66b4,-76.0,107,884,1153.5967741935485,605.7645161290325
1734006394.5878158,a0a3b3ff35c0,24a1602ccfab,-3.0,2048,884,1153.5967741935485,605.7645161290325
1734006394.588804,a0a3b3ff66b4,f8b3b734347c,-84.0,107,884,1153.5967741935485,605.7645161290325
1734006394.5898001,a0a3b3ff35c0,f8b3b734347c,-85.0,2048,884,1153.5967741935485,605.7645161290325
1734006394.591803,a4cf12fdaea9,f8b3b734347c,-85.0,861,580,1153.5967741935485,605.7645161290325
1734006394.5948062,d8bfc0117c7d,f8b3b734347c,-75.0,107,884,1153.5967741935485,605.7645161290325
1734006394.5967991,f8b3b732fb6c,f8b3b734347c,-80.0,1461,241,1153.5967741935485,605.7645161290325
1734006394.6886947,d8bfc0117c7d,d81c79de34e1,-77.0,107,884,1153.5967741935485,605.7645161290325
1734006394.692698,f8b3b734347c,d81c79de34e1,-79.0,1047,884,1153.5967741935485,605.7645161290325
1734006394.696695,483fda467e7a,d8bfc0117c7d,-81.0,1461,241,1153.5967741935485,605.7645161290325
1734006394.6999183,f8b3b732fb6c,d8bfc0117c7d,-87.0,1461,241,1153.5967741935485,605.7645161290325
1734006394.7029197,08a6f7a1e5c8,f8b3b734347c,-75.0,884,45,1153.5967741935485,605.7645161290325
1734006394.7087202,a4cf12fdaea9,d8bfc0117c7d,-83.0,861,580,1153.5967741935485,605.7645161290325
1734006394.711721,f8b3b732fb6c,f8b3b734347c,-81.0,1461,241,1153.5967741935485,605.7645161290325
1734006404.852152,483fda467e7a,d81c79de34e1,-79.0,1461,241,1153.5967741935485,605.7645161290325
1734006404.8541768,a4cf12fdaea9,d81c79de34e1,-79.0,861,580,1153.5967741935485,605.7645161290325
1734006404.855179,483fda467e7a,d81c79de34e1,-75.0,1461,241,1153.5967741935485,605.7645161290325
1734006404.8561766,483fda467e7a,a4cf12fdaea9,-66.0,1461,241,1153.5967741935485,605.7645161290325
1734006404.857183,08a6f7a1e5c8,a4cf12fdaea9,-56.0,884,45,1153.5967741935485,605.7645161290325
1734006404.8581753,08a6f7a1e5c8,483fda467e7a,-76.0,884,45,1153.5967741935485,605.7645161290325
1734006404.8581753,a4cf12fdaea9,08a6f7a1e5c8,-62.0,861,580,1153.5967741935485,605.7645161290325
1734006404.8591766,f8b3b734347c,d81c79de34e1,-62.0,1047,884,1153.5967741935485,605.7645161290325
1734006404.8601413,a4cf12fdaea9,f8b3b734347c,-82.0,861,580,1153.5967741935485,605.7645161290325
1734006404.86114,a4cf12fdaea9,24a1602ccfab,-87.0,861,580,1153.5967741935485,605.7645161290325
1734006404.86214,483fda467e7a,24a1602ccfab,-99.0,1461,241,1153.5967741935485,605.7645161290325
1734006404.86314,f8b3b734347c,a4cf12fdaea9,-77.0,1047,884,1153.5967741935485,605.7645161290325
1734006404.8641374,d8bfc0117c7d,24a1602ccfab,-75.0,107,884,1153.5967741935485,605.7645161290325
1734006404.8651402,a4cf12fdaea9,d81c79de34e1,-79.0,861,580,1153.5967741935485,605.7645161290325
1734006404.8661401,483fda467e7a,d81c79de34e1,-78.0,1461,241,1153.5967741935485,605.7645161290325
1734006404.867033,f8b3b732fb6c,d81c79de34e1,-84.0,1461,241,1153.5967741935485,605.7645161290325
1734006404.868051,483fda467e7a,a4cf12fdaea9,-66.0,1461,241,1153.5967741935485,605.7645161290325
1734006404.8932827,d8bfc0117c7d,a0a3b3ff66b4,-34.0,107,884,1153.5967741935485,605.7645161290325
1734006404.8951566,d8bfc0117c7d,a0a3b3ff66b4,-34.0,107,884,1153.5967741935485,605.7645161290325
1734006404.896156,f8b3b734347c,f8b3b732fb6c,-77.0,1047,884,1153.5967741935485,605.7645161290325
1734006404.8971562,d8bfc0117c7d,a0a3b3ff66b4,-34.0,107,884,1153.5967741935485,605.7645161290325
1734006404.8981564,24a1602ccfab,a0a3b3ff66b4,-87.0,2048,884,1153.5967741935485,605.7645161290325
1734006404.9001966,a0a3b3ff35c0,a0a3b3ff66b4,-88.0,2048,884,1153.5967741935485,605.7645161290325
1734006404.9011958,f8b3b734347c,d8bfc0117c7d,-68.0,1047,884,1153.5967741935485,605.7645161290325
1734006404.902192,f8b3b734347c,d81c79de34e1,-65.0,1047,884,1153.5967741935485,605.7645161290325
1734006404.903157,483fda467e7a,f8b3b734347c,-78.0,1461,241,1153.5967741935485,605.7645161290325
1734006404.9041564,a4cf12fdaea9,f8b3b734347c,-81.0,861,580,1153.5967741935485,605.7645161290325
1734006404.9051743,08a6f7a1e5c8,f8b3b734347c,-74.0,884,45,1153.5967741935485,605.7645161290325
1734006404.9072952,f8b3b732fb6c,f8b3b734347c,-80.0,1461,241,1153.5967741935485,605.7645161290325
1734006404.907782,f8b3b734347c,08a6f7a1e5c8,-72.0,1047,884,1153.5967741935485,605.7645161290325
1734006404.909844,f8b3b734347c,a0a3b3ff66b4,-81.0,1047,884,1153.5967741935485,605.7645161290325
1734006404.910841,f8b3b734347c,d81c79de34e1,-63.0,1047,884,1153.5967741935485,605.7645161290325
1734006404.9118433,a4cf12fdaea9,f8b3b734347c,-83.0,861,580,1153.5967741935485,605.7645161290325
1734006404.9756653,a4cf12fdaea9,d81c79de34e1,-74.0,861,580,1153.5967741935485,605.7645161290325
1734006404.9807167,f8b3b732fb6c,d81c79de34e1,-78.0,1461,241,1153.5967741935485,605.7645161290325
1734006404.9837158,483fda467e7a,f8b3b732fb6c,-23.0,1461,241,1153.5967741935485,605.7645161290325
1734006404.9867227,f8b3b732fb6c,483fda467e7a,-17.0,1461,241,1153.5967741935485,605.7645161290325
1734006404.989713,08a6f7a1e5c8,a4cf12fdaea9,-56.0,884,45,1153.5967741935485,605.7645161290325
1734006404.9930956,a0a3b3ff66b4,d8bfc0117c7d,-15.0,107,884,1153.5967741935485,605.7645161290325
1734006404.9959633,a4cf12fdaea9,08a6f7a1e5c8,-63.0,861,580,1153.5967741935485,605.7645161290325
1734006405.00398,d8bfc0117c7d,a0a3b3ff66b4,-33.0,107,884,1153.5967741935485,605.7645161290325
1734006405.007932,d8bfc0117c7d,a0a3b3ff35c0,-83.0,107,884,1153.5967741935485,605.7645161290325
1734006405.0109298,a0a3b3ff35c0,a0a3b3ff66b4,-85.0,2048,884,1153.5967741935485,605.7645161290325
1734006405.022315,a4cf12fdaea9,d81c79de34e1,-78.0,861,580,1153.5967741935485,605.7645161290325
1734006405.0253747,483fda467e7a,d81c79de34e1,-84.0,1461,241,1153.5967741935485,605.7645161290325
1734006405.0283253,08a6f7a1e5c8,d81c79de34e1,-73.0,884,45,1153.5967741935485,605.7645161290325
1734006405.0333042,a4cf12fdaea9,483fda467e7a,-71.0,861,580,1153.5967741935485,605.7645161290325
1734006405.0363026,08a6f7a1e5c8,a4cf12fdaea9,-56.0,884,45,1153.5967741935485,605.7645161290325
1734006405.0394926,f8b3b732fb6c,d81c79de34e1,-75.0,1461,241,1153.5967741935485,605.7645161290325
1734006405.0430326,d8bfc0117c7d,a0a3b3ff66b4,-34.0,107,884,1153.5967741935485,605.7645161290325
1734006405.0499763,f8b3b732fb6c,a4cf12fdaea9,-72.0,1461,241,1153.5967741935485,605.7645161290325
1734006405.0519795,483fda467e7a,a4cf12fdaea9,-67.0,1461,241,1153.5967741935485,605.7645161290325
1734006405.0557096,a4cf12fdaea9,08a6f7a1e5c8,-62.0,861,580,1153.5967741935485,605.7645161290325
1734006405.0579882,483fda467e7a,f8b3b732fb6c,-24.0,1461,241,1153.5967741935485,605.7645161290325
1734006405.059981,d8bfc0117c7d,f8b3b734347c,-76.0,107,884,1153.5967741935485,605.7645161290325
1734006405.0634282,a4cf12fdaea9,f8b3b732fb6c,-75.0,861,580,1153.5967741935485,605.7645161290325
1734006405.1397357,a4cf12fdaea9,d81c79de34e1,-78.0,861,580,1153.5967741935485,605.7645161290325
1734006405.141001,08a6f7a1e5c8,d81c79de34e1,-85.0,884,45,1153.5967741935485,605.7645161290325
1734006405.1420147,d8bfc0117c7d,d81c79de34e1,-55.0,107,884,1153.5967741935485,605.7645161290325
1734006405.144083,a4cf12fdaea9,08a6f7a1e5c8,-63.0,861,580,1153.5967741935485,605.7645161290325
1734006405.1450727,f8b3b732fb6c,d81c79de34e1,-80.0,1461,241,1153.5967741935485,605.7645161290325
1734006405.1460764,d8bfc0117c7d,a4cf12fdaea9,-84.0,107,884,1153.5967741935485,605.7645161290325
1734006405.147038,a4cf12fdaea9,d8bfc0117c7d,-86.0,861,580,1153.5967741935485,605.7645161290325
1734006405.1480346,483fda467e7a,d8bfc0117c7d,-82.0,1461,241,1153.5967741935485,605.7645161290325
1734006405.1490378,f8b3b732fb6c,483fda467e7a,-17.0,1461,241,1153.5967741935485,605.7645161290325
1734006405.1500385,f8b3b732fb6c,08a6f7a1e5c8,-76.0,1461,241,1153.5967741935485,605.7645161290325
1734006405.1520734,f8b3b732fb6c,d8bfc0117c7d,-88.0,1461,241,1153.5967741935485,605.7645161290325
1734006405.1530735,a0a3b3ff35c0,d8bfc0117c7d,-81.0,2048,884,1153.5967741935485,605.7645161290325
1734006405.1570733,f8b3b734347c,a4cf12fdaea9,-75.0,1047,884,1153.5967741935485,605.7645161290325
1734006405.1580386,483fda467e7a,a4cf12fdaea9,-65.0,1461,241,1153.5967741935485,605.7645161290325
1734006405.178373,a4cf12fdaea9,d81c79de34e1,-79.0,861,580,1153.5967741935485,605.7645161290325
1734006405.1793716,f8b3b732fb6c,d81c79de34e1,-80.0,1461,241,1153.5967741935485,605.7645161290325
1734006405.1803713,483fda467e7a,a4cf12fdaea9,-66.0,1461,241,1153.5967741935485,605.7645161290325
1734006405.1813684,d8bfc0117c7d,d81c79de34e1,-57.0,107,884,1153.5967741935485,605.7645161290325
1734006405.1823702,f8b3b732fb6c,a4cf12fdaea9,-73.0,1461,241,1153.5967741935485,605.7645161290325
1734006405.183375,483fda467e7a,d8bfc0117c7d,-82.0,1461,241,1153.5967741935485,605.7645161290325
1734006405.187381,08a6f7a1e5c8,a4cf12fdaea9,-56.0,884,45,1153.5967741935485,605.7645161290325
1734006405.1883907,f8b3b732fb6c,d8bfc0117c7d,-86.0,1461,241,1153.5967741935485,605.7645161290325
1734006405.189297,08a6f7a1e5c8,f8b3b732fb6c,-72.0,884,45,1153.5967741935485,605.7645161290325
1734006405.1913161,08a6f7a1e5c8,d8bfc0117c7d,-80.0,884,45,1153.5967741935485,605.7645161290325
1734006405.192316,08a6f7a1e5c8,f8b3b734347c,-70.0,884,45,1153.5967741935485,605.7645161290325
1734006405.1933165,a0a3b3ff66b4,a0a3b3ff35c0,-89.0,107,884,1153.5967741935485,605.7645161290325
1734006405.304419,483fda467e7a,d81c79de34e1,-74.0,1461,241,1153.5967741935485,605.7645161290325
1734006405.3093112,a4cf12fdaea9,d81c79de34e1,-78.0,861,580,1153.5967741935485,605.7645161290325
1734006405.3123803,08a6f7a1e5c8,d81c79de34e1,-82.0,884,45,1153.5967741935485,605.7645161290325
1734006405.315312,a4cf12fdaea9,483fda467e7a,-73.0,861,580,1153.5967741935485,605.7645161290325
1734006405.3183138,d8bfc0117c7d,d81c79de34e1,-55.0,107,884,1153.5967741935485,605.7645161290325
1734006405.3213105,483fda467e7a,f8b3b732fb6c,-22.0,1461,241,1153.5967741935485,605.7645161290325
1734006405.3233206,a4cf12fdaea9,08a6f7a1e5c8,-62.0,861,580,1153.5967741935485,605.7645161290325
1734006405.3265047,483fda467e7a,08a6f7a1e5c8,-76.0,1461,241,1153.5967741935485,605.7645161290325
1734006405.3332913,f8b3b732fb6c,483fda467e7a,-18.0,1461,241,1153.5967741935485,605.7645161290325
1734006405.3362522,08a6f7a1e5c8,483fda467e7a,-76.0,884,45,1153.5967741935485,605.7645161290325
1734006405.3392048,f8b3b732fb6c,08a6f7a1e5c8,-77.0,1461,241,1153.5967741935485,605.7645161290325
1734006405.3422549,08a6f7a1e5c8,d8bfc0117c7d,-83.0,884,45,1153.5967741935485,605.7645161290325
1734006405.3471863,d8bfc0117c7d,a0a3b3ff66b4,-33.0,107,884,1153.5967741935485,605.7645161290325
1734006405.350187,f8b3b734347c,d81c79de34e1,-54.0,1047,884,1153.5967741935485,605.7645161290325
1734006405.3534477,f8b3b732fb6c,f8b3b734347c,-80.0,1461,241,1153.5967741935485,605.7645161290325
1734006406.5571287,483fda467e7a,d81c79de34e1,-85.0,1461,241,1153.5967741935485,605.7645161290325
1734006406.5621836,f8b3b732fb6c,d81c79de34e1,-79.0,1461,241,1153.5967741935485,605.7645161290325
1734006406.5651824,f8b3b732fb6c,483fda467e7a,-17.0,1461,241,1153.5967741935485,605.7645161290325
1734006406.568183,483fda467e7a,f8b3b732fb6c,-23.0,1461,241,1153.5967741935485,605.7645161290325
1734006406.5711734,a4cf12fdaea9,d81c79de34e1,-80.0,861,580,1153.5967741935485,605.7645161290325
1734006406.575134,d8bfc0117c7d,d81c79de34e1,-65.0,107,884,1153.5967741935485,605.7645161290325
1734006406.5780652,08a6f7a1e5c8,d81c79de34e1,-77.0,884,45,1153.5967741935485,605.7645161290325
1734006406.5820653,f8b3b732fb6c,a4cf12fdaea9,-75.0,1461,241,1153.5967741935485,605.7645161290325
1734006406.5891156,f8b3b732fb6c,08a6f7a1e5c8,-79.0,1461,241,1153.5967741935485,605.7645161290325
1734006406.5921345,08a6f7a1e5c8,f8b3b732fb6c,-76.0,884,45,1153.5967741935485,605.7645161290325
1734006406.595132,a4cf12fdaea9,483fda467e7a,-73.0,861,580,1153.5967741935485,605.7645161290325
1734006406.6031115,d8bfc0117c7d,a4cf12fdaea9,-84.0,107,884,1153.5967741935485,605.7645161290325
1734006407.0086718,483fda467e7a,d81c79de34e1,-77.0,1461,241,1153.5967741935485,605.7645161290325
1734006407.0126646,f8b3b732fb6c,d81c79de34e1,-86.0,1461,241,1153.5967741935485,605.7645161290325
1734006407.015666,f8b3b732fb6c,483fda467e7a,-16.0,1461,241,1153.5967741935485,605.7645161290325
1734006407.0166233,483fda467e7a,f8b3b732fb6c,-22.0,1461,241,1153.5967741935485,605.7645161290325
1734006407.0176384,d8bfc0117c7d,24a1602ccfab,-73.0,107,884,1153.5967741935485,605.7645161290325
1734006407.018642,a4cf12fdaea9,d81c79de34e1,-78.0,861,580,1153.5967741935485,605.7645161290325
1734006407.019639,a4cf12fdaea9,483fda467e7a,-71.0,861,580,1153.5967741935485,605.7645161290325
1734006407.0206387,d8bfc0117c7d,a4cf12fdaea9,-82.0,107,884,1153.5967741935485,605.7645161290325
1734006407.0216389,483fda467e7a,a4cf12fdaea9,-64.0,1461,241,1153.5967741935485,605.7645161290325
1734006407.0236409,f8b3b732fb6c,a4cf12fdaea9,-75.0,1461,241,1153.5967741935485,605.7645161290325
1734006407.0246415,08a6f7a1e5c8,f8b3b734347c,-74.0,884,45,1153.5967741935485,605.7645161290325
1734006407.0256417,f8b3b732fb6c,f8b3b734347c,-81.0,1461,241,1153.5967741935485,605.7645161290325
1734006407.0266418,f8b3b734347c,483fda467e7a,-79.0,1047,884,1153.5967741935485,605.7645161290325
1734006407.0276384,d8bfc0117c7d,f8b3b734347c,-75.0,107,884,1153.5967741935485,605.7645161290325
1734006410.868084,483fda467e7a,d81c79de34e1,-51.0,1461,241,1153.5967741935485,605.7645161290325
1734006410.8727329,f8b3b732fb6c,d81c79de34e1,-57.0,1461,241,1153.5967741935485,605.7645161290325
1734006410.8757362,f8b3b732fb6c,483fda467e7a,-17.0,1461,241,1153.5967741935485,605.7645161290325
1734006410.8787317,483fda467e7a,f8b3b732fb6c,-23.0,1461,241,1153.5967741935485,605.7645161290325
1734006410.8807335,08a6f7a1e5c8,483fda467e7a,-76.0,884,45,1153.5967741935485,605.7645161290325
1734006410.8837364,a4cf12fdaea9,d81c79de34e1,-60.0,861,580,1153.5967741935485,605.7645161290325
1734006410.8867319,08a6f7a1e5c8,f8b3b732fb6c,-77.0,884,45,1153.5967741935485,605.7645161290325
1734006410.8877327,483fda467e7a,a4cf12fdaea9,-65.0,1461,241,1153.5967741935485,605.7645161290325
1734006410.888805,a4cf12fdaea9,483fda467e7a,-71.0,861,580,1153.5967741935485,605.7645161290325
1734006410.8899155,f8b3b732fb6c,a4cf12fdaea9,-73.0,1461,241,1153.5967741935485,605.7645161290325
1734006410.8904612,a4cf12fdaea9,f8b3b732fb6c,-77.0,861,580,1153.5967741935485,605.7645161290325
1734006410.8914843,a4cf12fdaea9,08a6f7a1e5c8,-61.0,861,580,1153.5967741935485,605.7645161290325
1734006410.8924773,f8b3b734347c,d8bfc0117c7d,-70.0,1047,884,1153.5967741935485,605.7645161290325
1734006411.5798168,a4cf12fdaea9,d81c79de34e1,-57.0,861,580,1153.5967741935485,605.7645161290325
1734006411.5837524,f8b3b732fb6c,d81c79de34e1,-58.0,1461,241,1153.5967741935485,605.7645161290325
1734006411.5847485,483fda467e7a,f8b3b732fb6c,-23.0,1461,241,1153.5967741935485,605.7645161290325
1734006411.5857513,08a6f7a1e5c8,a4cf12fdaea9,-55.0,884,45,1153.5967741935485,605.7645161290325
1734006411.5857513,f8b3b732fb6c,483fda467e7a,-17.0,1461,241,1153.5967741935485,605.7645161290325
1734006411.586752,f8b3b732fb6c,08a6f7a1e5c8,-79.0,1461,241,1153.5967741935485,605.7645161290325
1734006411.58775,a4cf12fdaea9,f8b3b732fb6c,-76.0,861,580,1153.5967741935485,605.7645161290325
1734006411.5887637,a4cf12fdaea9,d81c79de34e1,-68.0,861,580,1153.5967741935485,605.7645161290325
1734006411.5897498,08a6f7a1e5c8,a4cf12fdaea9,-55.0,884,45,1153.5967741935485,605.7645161290325
1734006411.5907524,f8b3b732fb6c,483fda467e7a,-17.0,1461,241,1153.5967741935485,605.7645161290325
1734006411.5917654,f8b3b734347c,f8b3b732fb6c,-79.0,1047,884,1153.5967741935485,605.7645161290325
1734006411.5927699,d8bfc0117c7d,f8b3b734347c,-73.0,107,884,1153.5967741935485,605.7645161290325
1734006411.593751,24a1602ccfab,d81c79de34e1,-81.0,2048,884,1153.5967741935485,605.7645161290325
1734006411.5947506,483fda467e7a,d81c79de34e1,-57.0,1461,241,1153.5967741935485,605.7645161290325
1734006411.59575,f8b3b732fb6c,d81c79de34e1,-57.0,1461,241,1153.5967741935485,605.7645161290325
1734006411.5962522,483fda467e7a,08a6f7a1e5c8,-74.0,1461,241,1153.5967741935485,605.7645161290325
1734006411.5972703,f8b3b732fb6c,08a6f7a1e5c8,-79.0,1461,241,1153.5967741935485,605.7645161290325
1734006411.5982702,483fda467e7a,f8b3b732fb6c,-23.0,1461,241,1153.5967741935485,605.7645161290325
1734006411.6012695,a4cf12fdaea9,d81c79de34e1,-58.0,861,580,1153.5967741935485,605.7645161290325
1734006411.6022692,483fda467e7a,a4cf12fdaea9,-66.0,1461,241,1153.5967741935485,605.7645161290325
1734006411.6033082,f8b3b732fb6c,a4cf12fdaea9,-71.0,1461,241,1153.5967741935485,605.7645161290325
1734006411.6043084,a4cf12fdaea9,483fda467e7a,-72.0,861,580,1153.5967741935485,605.7645161290325
1734006415.2652106,483fda467e7a,d81c79de34e1,-55.0,1461,241,1153.5967741935485,605.7645161290325
