timestamp,monitor_mac,distance,rssi
1726586313.290761,24a1602ccfab,1.0,-58.0
1726586313.2927563,a4cf12fdaea9,1.0,-54.0
1726586313.2941947,d8bfc0117c7d,1.0,-57.0
1726586313.2961786,a4cf12fdaea9,1.0,-54.0
1726586313.2971494,d8bfc0117c7d,1.0,-57.0
1726586313.299192,a4cf12fdaea9,1.0,-52.0
1726586313.3012106,24a1602ccfab,1.0,-57.0
1726586313.3021948,a4cf12fdaea9,1.0,-50.0
1726586313.3041925,24a1602ccfab,1.0,-58.0
1726586313.3051462,a4cf12fdaea9,1.0,-51.0
1726586313.3071856,d8bfc0117c7d,1.0,-53.0
1726586313.3081849,24a1602ccfab,1.0,-58.0
1726586313.310192,24a1602ccfab,1.0,-55.0
1726586313.311226,24a1602ccfab,1.0,-55.0
1726586313.3122432,a4cf12fdaea9,1.0,-51.0
1726586313.313242,d8bfc0117c7d,1.0,-63.0
1726586313.3142374,a4cf12fdaea9,1.0,-51.0
1726586313.315242,d8bfc0117c7d,1.0,-63.0
1726586313.3162417,24a1602ccfab,1.0,-55.0
1726586313.3172495,a4cf12fdaea9,1.0,-50.0
1726586313.3182423,a4cf12fdaea9,1.0,-50.0
1726586313.319242,24a1602ccfab,1.0,-58.0
1726586313.3202395,a4cf12fdaea9,1.0,-55.0
1726586313.3212461,d8bfc0117c7d,1.0,-55.0
1726586313.3222368,24a1602ccfab,1.0,-58.0
1726586313.355597,d8bfc0117c7d,1.0,-51.0
1726586313.3576183,24a1602ccfab,1.0,-53.0
1726586313.3582578,a4cf12fdaea9,1.0,-50.0
1726586313.3632865,24a1602ccfab,1.0,-58.0
1726586313.3642793,a4cf12fdaea9,1.0,-55.0
1726586313.3652794,d8bfc0117c7d,1.0,-57.0
1726586313.4362183,a4cf12fdaea9,1.0,-54.0
1726586313.4381876,d8bfc0117c7d,1.0,-56.0
1726586313.4381876,24a1602ccfab,1.0,-58.0
1726586313.4392464,d8bfc0117c7d,1.0,-56.0
1726586313.4401965,d8bfc0117c7d,1.0,-56.0
1726586313.4411905,a4cf12fdaea9,1.0,-54.0
1726586313.442224,d8bfc0117c7d,1.0,-56.0
1726586313.4441895,a4cf12fdaea9,1.0,-54.0
1726586313.4451885,24a1602ccfab,1.0,-58.0
1726586313.4476593,d8bfc0117c7d,1.0,-56.0
1726586313.4493442,24a1602ccfab,1.0,-55.0
1726586313.4600165,a4cf12fdaea9,1.0,-51.0
1726586313.462013,a4cf12fdaea9,1.0,-52.0
1726586313.463013,24a1602ccfab,1.0,-58.0
1726586313.4650342,d8bfc0117c7d,1.0,-54.0
1726586313.4850168,a4cf12fdaea9,1.0,-52.0
1726586313.8677945,d8bfc0117c7d,1.0,-57.0
1726586313.8821855,24a1602ccfab,1.0,-59.0
1726586313.889192,a4cf12fdaea9,1.0,-54.0
1726586313.898645,a4cf12fdaea9,1.0,-52.0
1726586313.9043446,24a1602ccfab,1.0,-59.0
1726586313.9113226,d8bfc0117c7d,1.0,-57.0
1726586313.928342,a4cf12fdaea9,1.0,-53.0
1726586313.9293392,24a1602ccfab,1.0,-59.0
1726586313.9313433,d8bfc0117c7d,1.0,-56.0
1726586313.9736314,a4cf12fdaea9,1.0,-53.0
1726586313.9766543,d8bfc0117c7d,1.0,-56.0
1726586313.9862034,24a1602ccfab,1.0,-59.0
1726586314.004601,d8bfc0117c7d,1.0,-57.0
1726586314.0074103,a4cf12fdaea9,1.0,-55.0
1726586314.0234318,d8bfc0117c7d,1.0,-57.0
1726586314.0348706,24a1602ccfab,1.0,-59.0
1726586314.054109,a4cf12fdaea9,1.0,-55.0
1726586314.0590842,24a1602ccfab,1.0,-59.0
1726586314.0610824,d8bfc0117c7d,1.0,-57.0
1726586314.0630834,a4cf12fdaea9,1.0,-54.0
1726586314.4552543,d8bfc0117c7d,1.0,-58.0
1726586314.466614,24a1602ccfab,1.0,-56.0
1726586314.5123773,d8bfc0117c7d,1.0,-56.0
1726586314.5240762,a4cf12fdaea9,1.0,-55.0
1726586314.526075,24a1602ccfab,1.0,-53.0
1726586314.5831091,d8bfc0117c7d,1.0,-58.0
1726586314.5889752,a4cf12fdaea9,1.0,-56.0
1726586314.5979004,24a1602ccfab,1.0,-54.0
1726586314.6166794,d8bfc0117c7d,1.0,-55.0
1726586314.620686,d8bfc0117c7d,1.0,-56.0
1726586314.6216772,a4cf12fdaea9,1.0,-55.0
1726586314.6236725,24a1602ccfab,1.0,-56.0
1726586314.6315978,a4cf12fdaea9,1.0,-55.0
1726586314.6604218,a4cf12fdaea9,1.0,-56.0
1726586314.6722233,d8bfc0117c7d,1.0,-54.0
1726586314.6732242,a4cf12fdaea9,1.0,-53.0
1726586314.6752179,d8bfc0117c7d,1.0,-54.0
1726586314.677221,24a1602ccfab,1.0,-56.0
1726586314.6912181,d8bfc0117c7d,1.0,-51.0
1726586314.693227,24a1602ccfab,1.0,-56.0
1726586314.7109907,d8bfc0117c7d,1.0,-51.0
1726586314.7119892,a4cf12fdaea9,1.0,-54.0
1726586314.7139878,d8bfc0117c7d,1.0,-51.0
1726586314.7170022,a4cf12fdaea9,1.0,-54.0
1726586314.723073,d8bfc0117c7d,1.0,-56.0
1726586314.7250583,24a1602ccfab,1.0,-51.0
1726586314.737078,24a1602ccfab,1.0,-57.0
1726586314.739158,d8bfc0117c7d,1.0,-56.0
1726586314.7601922,a4cf12fdaea9,1.0,-55.0
1726586314.7756963,24a1602ccfab,1.0,-56.0
1726586314.7847092,d8bfc0117c7d,1.0,-56.0
1726586315.0898027,d8bfc0117c7d,1.0,-57.0
1726586315.099826,24a1602ccfab,1.0,-52.0
1726586315.1111917,d8bfc0117c7d,1.0,-57.0
1726586315.1131895,d8bfc0117c7d,1.0,-56.0
1726586315.1162066,a4cf12fdaea9,1.0,-57.0
1726586315.1323526,24a1602ccfab,1.0,-56.0
1726586315.1393547,a4cf12fdaea9,1.0,-57.0
1726586315.1413517,a4cf12fdaea9,1.0,-55.0
1726586315.1423516,a4cf12fdaea9,1.0,-54.0
1726586315.1433585,a4cf12fdaea9,1.0,-57.0
1726586315.1453533,d8bfc0117c7d,1.0,-57.0
1726586315.1571593,24a1602ccfab,1.0,-55.0
1726586315.1581538,d8bfc0117c7d,1.0,-57.0
1726586315.1601543,24a1602ccfab,1.0,-55.0
1726586315.169401,a4cf12fdaea9,1.0,-57.0
1726586315.1990607,d8bfc0117c7d,1.0,-57.0
1726586315.2148836,a4cf12fdaea9,1.0,-57.0
1726586315.2218735,24a1602ccfab,1.0,-52.0
1726586315.2340324,24a1602ccfab,1.0,-52.0
1726586315.2387211,d8bfc0117c7d,1.0,-56.0
1726586315.2494907,a4cf12fdaea9,1.0,-54.0
1726586315.2715218,d8bfc0117c7d,1.0,-59.0
1726586315.2807662,24a1602ccfab,1.0,-53.0
1726586315.2827806,a4cf12fdaea9,1.0,-56.0
1726586315.2917764,d8bfc0117c7d,1.0,-59.0
1726586315.305776,d8bfc0117c7d,1.0,-57.0
1726586315.3148024,24a1602ccfab,1.0,-56.0
1726586315.3168142,d8bfc0117c7d,1.0,-59.0
1726586315.332281,a4cf12fdaea9,1.0,-56.0
1726586315.3422809,24a1602ccfab,1.0,-56.0
1726586315.352745,d8bfc0117c7d,1.0,-58.0
1726586315.3537424,a4cf12fdaea9,1.0,-54.0
1726586315.3547451,d8bfc0117c7d,1.0,-58.0
1726586315.355745,24a1602ccfab,1.0,-57.0
1726586315.357744,a4cf12fdaea9,1.0,-54.0
1726586315.358744,d8bfc0117c7d,1.0,-56.0
1726586315.3597436,24a1602ccfab,1.0,-56.0
1726586315.3607435,a4cf12fdaea9,1.0,-54.0
1726586315.3627422,d8bfc0117c7d,1.0,-57.0
1726586315.363742,a4cf12fdaea9,1.0,-53.0
1726586315.378635,24a1602ccfab,1.0,-58.0
1726586315.6533113,d8bfc0117c7d,1.0,-53.0
1726586315.7208705,d8bfc0117c7d,1.0,-55.0
1726586315.7318647,a4cf12fdaea9,1.0,-53.0
1726586315.7632082,24a1602ccfab,1.0,-59.0
1726586315.765138,a4cf12fdaea9,1.0,-54.0
1726586315.7661414,d8bfc0117c7d,1.0,-56.0
1726586315.8218994,a4cf12fdaea9,1.0,-57.0
1726586315.83426,d8bfc0117c7d,1.0,-56.0
1726586315.8477778,24a1602ccfab,1.0,-56.0
1726586316.2568555,24a1602ccfab,1.0,-58.0
1726586316.2705421,a4cf12fdaea9,1.0,-55.0
1726586316.28511,d8bfc0117c7d,1.0,-58.0
1726586316.3004184,24a1602ccfab,1.0,-58.0
1726586316.3280594,d8bfc0117c7d,1.0,-58.0
1726586316.3413842,24a1602ccfab,1.0,-58.0
1726586316.343344,24a1602ccfab,1.0,-58.0
1726586316.3443453,24a1602ccfab,1.0,-57.0
1726586316.346348,d8bfc0117c7d,1.0,-57.0
1726586316.3473434,a4cf12fdaea9,1.0,-54.0
1726586316.3663278,24a1602ccfab,1.0,-57.0
1726586316.3703425,d8bfc0117c7d,1.0,-58.0
1726586316.3743293,a4cf12fdaea9,1.0,-53.0
1726586316.4137583,d8bfc0117c7d,1.0,-57.0
1726586316.4257913,a4cf12fdaea9,1.0,-51.0
1726586316.4277914,24a1602ccfab,1.0,-57.0
1726586316.4297903,d8bfc0117c7d,1.0,-57.0
1726586316.4307904,d8bfc0117c7d,1.0,-52.0
1726586316.43179,a4cf12fdaea9,1.0,-45.0
1726586316.4337928,24a1602ccfab,1.0,-51.0
1726586316.4398046,d8bfc0117c7d,1.0,-58.0
1726586316.4501631,a4cf12fdaea9,1.0,-53.0
1726586316.4717672,24a1602ccfab,1.0,-57.0
1726586316.482534,a4cf12fdaea9,1.0,-53.0
1726586316.4845438,d8bfc0117c7d,1.0,-56.0
1726586316.5009198,24a1602ccfab,1.0,-56.0
1726586316.5189254,d8bfc0117c7d,1.0,-57.0
1726586316.5219245,a4cf12fdaea9,1.0,-54.0
1726586316.523943,24a1602ccfab,1.0,-57.0
1726586316.5249403,d8bfc0117c7d,1.0,-57.0
1726586316.5269372,24a1602ccfab,1.0,-57.0
1726586316.5291946,d8bfc0117c7d,1.0,-57.0
1726586316.5301988,d8bfc0117c7d,1.0,-57.0
1726586316.5321949,24a1602ccfab,1.0,-57.0
1726586316.5321949,a4cf12fdaea9,1.0,-52.0
1726586316.5411963,d8bfc0117c7d,1.0,-56.0
1726586316.5491385,24a1602ccfab,1.0,-56.0
1726586316.8528578,d8bfc0117c7d,1.0,-57.0
1726586316.8578546,a4cf12fdaea9,1.0,-52.0
1726586316.8668513,24a1602ccfab,1.0,-55.0
1726586316.8798459,d8bfc0117c7d,1.0,-56.0
1726586316.8918307,a4cf12fdaea9,1.0,-54.0
1726586316.8960536,24a1602ccfab,1.0,-56.0
1726586316.927198,d8bfc0117c7d,1.0,-56.0
1726586316.9465432,a4cf12fdaea9,1.0,-54.0
1726586316.962996,d8bfc0117c7d,1.0,-56.0
1726586316.977938,24a1602ccfab,1.0,-56.0
1726586317.0026612,d8bfc0117c7d,1.0,-56.0
1726586317.0157034,a4cf12fdaea9,1.0,-54.0
1726586317.0235782,d8bfc0117c7d,1.0,-57.0
1726586317.0325594,24a1602ccfab,1.0,-56.0
1726586317.0515828,d8bfc0117c7d,1.0,-57.0
1726586317.0685263,a4cf12fdaea9,1.0,-54.0
1726586317.0829782,d8bfc0117c7d,1.0,-57.0
1726586317.1080134,24a1602ccfab,1.0,-56.0
1726586317.115993,a4cf12fdaea9,1.0,-54.0
1726586317.1462255,24a1602ccfab,1.0,-55.0
1726586317.1620896,a4cf12fdaea9,1.0,-54.0
1726586317.1787224,d8bfc0117c7d,1.0,-56.0
1726586317.1806812,a4cf12fdaea9,1.0,-53.0
1726586317.1826835,24a1602ccfab,1.0,-56.0
1726586317.1836867,d8bfc0117c7d,1.0,-57.0
1726586317.1867003,24a1602ccfab,1.0,-56.0
1726586317.2026916,a4cf12fdaea9,1.0,-52.0
1726586317.20969,d8bfc0117c7d,1.0,-57.0
1726586317.2137396,24a1602ccfab,1.0,-56.0
1726586317.2147365,a4cf12fdaea9,1.0,-54.0
1726586317.2167356,d8bfc0117c7d,1.0,-56.0
1726586317.2187402,a4cf12fdaea9,1.0,-54.0
1726586317.2288992,d8bfc0117c7d,1.0,-51.0
1726586317.2309253,24a1602ccfab,1.0,-50.0
1726586317.4821079,d8bfc0117c7d,1.0,-54.0
1726586317.495789,24a1602ccfab,1.0,-55.0
1726586317.4977846,a4cf12fdaea9,1.0,-52.0
1726586317.5038126,a4cf12fdaea9,1.0,-54.0
1726586317.5166187,d8bfc0117c7d,1.0,-56.0
1726586317.532618,24a1602ccfab,1.0,-55.0
1726586317.5842965,a4cf12fdaea9,1.0,-55.0
1726586317.6144216,d8bfc0117c7d,1.0,-56.0
1726586317.6244352,24a1602ccfab,1.0,-53.0
1726586317.6509871,a4cf12fdaea9,1.0,-55.0
1726586317.6583831,24a1602ccfab,1.0,-55.0
1726586317.6732428,24a1602ccfab,1.0,-55.0
1726586317.6759212,d8bfc0117c7d,1.0,-55.0
1726586317.6784477,a4cf12fdaea9,1.0,-52.0
1726586317.6817563,a4cf12fdaea9,1.0,-53.0
1726586317.682755,d8bfc0117c7d,1.0,-56.0
1726586317.6837647,a4cf12fdaea9,1.0,-53.0
1726586317.6877701,d8bfc0117c7d,1.0,-56.0
1726586317.6982858,d8bfc0117c7d,1.0,-57.0
1726586317.7002392,d8bfc0117c7d,1.0,-50.0
1726586317.7012382,a4cf12fdaea9,1.0,-53.0
1726586317.7082477,d8bfc0117c7d,1.0,-50.0
1726586317.721248,a4cf12fdaea9,1.0,-53.0
1726586317.7282457,24a1602ccfab,1.0,-54.0
1726586317.7302413,a4cf12fdaea9,1.0,-51.0
1726586317.731238,24a1602ccfab,1.0,-51.0
1726586317.7332454,24a1602ccfab,1.0,-57.0
1726586317.7352498,d8bfc0117c7d,1.0,-56.0
1726586317.740277,d8bfc0117c7d,1.0,-57.0
1726586317.75035,d8bfc0117c7d,1.0,-52.0
1726586317.7674856,d8bfc0117c7d,1.0,-51.0
1726586317.7745287,24a1602ccfab,1.0,-52.0
1726586317.7765312,d8bfc0117c7d,1.0,-53.0
1726586317.7775311,24a1602ccfab,1.0,-50.0
1726586317.7785296,24a1602ccfab,1.0,-52.0
1726586317.7805276,a4cf12fdaea9,1.0,-56.0
1726586317.781541,24a1602ccfab,1.0,-51.0
1726586317.7825294,24a1602ccfab,1.0,-51.0
1726586317.7966259,d8bfc0117c7d,1.0,-53.0
1726586317.7996306,a4cf12fdaea9,1.0,-55.0
1726586317.8174932,a4cf12fdaea9,1.0,-49.0
1726586317.8353865,a4cf12fdaea9,1.0,-51.0
1726586317.8501067,a4cf12fdaea9,1.0,-50.0
1726586317.8651056,a4cf12fdaea9,1.0,-51.0
1726586317.8681078,a4cf12fdaea9,1.0,-50.0
1726586318.084445,d8bfc0117c7d,1.0,-56.0
1726586318.0951128,24a1602ccfab,1.0,-53.0
1726586318.1011145,a4cf12fdaea9,1.0,-55.0
1726586318.130927,d8bfc0117c7d,1.0,-56.0
1726586318.1477346,a4cf12fdaea9,1.0,-55.0
1726586318.2036138,24a1602ccfab,1.0,-55.0
1726586318.216484,24a1602ccfab,1.0,-50.0
1726586318.220493,a4cf12fdaea9,1.0,-51.0
1726586318.2335126,d8bfc0117c7d,1.0,-53.0
1726586318.2473786,24a1602ccfab,1.0,-56.0
1726586318.2503765,d8bfc0117c7d,1.0,-57.0
1726586318.2523897,a4cf12fdaea9,1.0,-55.0
1726586318.2630126,24a1602ccfab,1.0,-56.0
1726586318.6583583,d8bfc0117c7d,1.0,-56.0
1726586318.6613295,a4cf12fdaea9,1.0,-49.0
1726586318.6693234,d8bfc0117c7d,1.0,-51.0
1726586318.6848671,24a1602ccfab,1.0,-55.0
1726586318.6928797,24a1602ccfab,1.0,-50.0
1726586318.7156863,24a1602ccfab,1.0,-54.0
1726586318.7176883,d8bfc0117c7d,1.0,-54.0
1726586318.7643747,24a1602ccfab,1.0,-55.0
1726586318.768383,d8bfc0117c7d,1.0,-55.0
1726586318.779081,a4cf12fdaea9,1.0,-54.0
1726586318.8091269,d8bfc0117c7d,1.0,-54.0
1726586318.81791,a4cf12fdaea9,1.0,-53.0
1726586318.8329785,d8bfc0117c7d,1.0,-54.0
1726586318.8658025,24a1602ccfab,1.0,-55.0
1726586318.8817763,a4cf12fdaea9,1.0,-54.0
1726586318.8837767,d8bfc0117c7d,1.0,-57.0
1726586318.8857753,24a1602ccfab,1.0,-56.0
1726586318.8929815,d8bfc0117c7d,1.0,-57.0
1726586318.9027808,24a1602ccfab,1.0,-56.0
1726586318.9215643,d8bfc0117c7d,1.0,-50.0
1726586318.934162,a4cf12fdaea9,1.0,-54.0
1726586318.9361901,d8bfc0117c7d,1.0,-51.0
1726586318.9515917,24a1602ccfab,1.0,-52.0
1726586318.9626799,a4cf12fdaea9,1.0,-51.0
1726586318.9726706,24a1602ccfab,1.0,-50.0
1726586318.9736722,a4cf12fdaea9,1.0,-50.0
1726586319.291258,d8bfc0117c7d,1.0,-56.0
1726586319.304685,a4cf12fdaea9,1.0,-54.0
1726586319.3066823,24a1602ccfab,1.0,-56.0
1726586319.3086843,a4cf12fdaea9,1.0,-54.0
1726586319.3096843,24a1602ccfab,1.0,-56.0
1726586319.3328943,d8bfc0117c7d,1.0,-53.0
1726586319.3497796,a4cf12fdaea9,1.0,-51.0
1726586319.3687947,24a1602ccfab,1.0,-51.0
1726586319.3980966,24a1602ccfab,1.0,-50.0
1726586319.4143753,a4cf12fdaea9,1.0,-50.0
1726586319.429631,d8bfc0117c7d,1.0,-51.0
1726586319.448643,d8bfc0117c7d,1.0,-57.0
1726586319.4659433,24a1602ccfab,1.0,-56.0
1726586319.4676461,24a1602ccfab,1.0,-50.0
1726586319.4690347,d8bfc0117c7d,1.0,-52.0
1726586319.4810693,a4cf12fdaea9,1.0,-49.0
1726586319.4860358,d8bfc0117c7d,1.0,-56.0
1726586319.4920318,24a1602ccfab,1.0,-55.0
1726586319.4939487,d8bfc0117c7d,1.0,-57.0
1726586319.495927,24a1602ccfab,1.0,-56.0
1726586319.4969263,a4cf12fdaea9,1.0,-55.0
1726586319.4979365,d8bfc0117c7d,1.0,-80.0
1726586319.4999287,a4cf12fdaea9,1.0,-81.0
1726586319.501258,d8bfc0117c7d,1.0,-55.0
1726586319.5116763,a4cf12fdaea9,1.0,-50.0
1726586319.5131898,a4cf12fdaea9,1.0,-52.0
1726586319.5141888,24a1602ccfab,1.0,-55.0
1726586319.5161898,24a1602ccfab,1.0,-51.0
1726586319.527887,d8bfc0117c7d,1.0,-53.0
1726586319.5298889,d8bfc0117c7d,1.0,-52.0
1726586319.531894,24a1602ccfab,1.0,-51.0
1726586319.5447004,a4cf12fdaea9,1.0,-53.0
1726586319.5466945,d8bfc0117c7d,1.0,-57.0
1726586319.5476947,24a1602ccfab,1.0,-56.0
1726586319.8653727,d8bfc0117c7d,1.0,-57.0
1726586319.8713367,a4cf12fdaea9,1.0,-54.0
1726586319.8803334,24a1602ccfab,1.0,-56.0
1726586319.8823376,d8bfc0117c7d,1.0,-57.0
1726586319.8914452,d8bfc0117c7d,1.0,-56.0
1726586319.8993049,24a1602ccfab,1.0,-55.0
1726586319.902301,a4cf12fdaea9,1.0,-53.0
1726586319.9499779,d8bfc0117c7d,1.0,-57.0
1726586319.956925,d8bfc0117c7d,1.0,-59.0
1726586319.9589822,a4cf12fdaea9,1.0,-54.0
1726586319.96092,24a1602ccfab,1.0,-56.0
1726586319.9619198,24a1602ccfab,1.0,-58.0
1726586319.9639196,a4cf12fdaea9,1.0,-55.0
1726586319.9649227,24a1602ccfab,1.0,-57.0
1726586319.9669197,a4cf12fdaea9,1.0,-55.0
1726586319.9679198,d8bfc0117c7d,1.0,-57.0
1726586319.9689214,a4cf12fdaea9,1.0,-55.0
1726586319.979924,24a1602ccfab,1.0,-55.0
1726586319.9829226,d8bfc0117c7d,1.0,-57.0
1726586319.9839218,a4cf12fdaea9,1.0,-53.0
1726586320.0366986,d8bfc0117c7d,1.0,-57.0
1726586320.044642,a4cf12fdaea9,1.0,-52.0
1726586320.047773,24a1602ccfab,1.0,-56.0
1726586320.0575988,d8bfc0117c7d,1.0,-56.0
1726586320.0615158,24a1602ccfab,1.0,-55.0
1726586320.0635755,24a1602ccfab,1.0,-56.0
1726586320.0755577,d8bfc0117c7d,1.0,-58.0
1726586320.0785165,24a1602ccfab,1.0,-56.0
1726586320.0867865,a4cf12fdaea9,1.0,-55.0
1726586320.0931954,d8bfc0117c7d,1.0,-59.0
1726586320.0952072,a4cf12fdaea9,1.0,-55.0
1726586320.1042063,d8bfc0117c7d,1.0,-55.0
1726586320.1102173,24a1602ccfab,1.0,-56.0
1726586320.1122062,24a1602ccfab,1.0,-56.0
1726586320.4842322,24a1602ccfab,1.0,-56.0
1726586320.4881878,d8bfc0117c7d,1.0,-57.0
1726586320.4945714,a4cf12fdaea9,1.0,-52.0
1726586320.4961574,d8bfc0117c7d,1.0,-51.0
1726586320.4975722,a4cf12fdaea9,1.0,-51.0
1726586320.498577,24a1602ccfab,1.0,-53.0
1726586320.5322518,a4cf12fdaea9,1.0,-52.0
1726586320.5404897,24a1602ccfab,1.0,-56.0
1726586320.542497,d8bfc0117c7d,1.0,-57.0
1726586320.5858116,d8bfc0117c7d,1.0,-57.0
1726586320.5936975,24a1602ccfab,1.0,-56.0
1726586320.613698,d8bfc0117c7d,1.0,-56.0
1726586320.6392207,24a1602ccfab,1.0,-55.0
1726586320.6462178,a4cf12fdaea9,1.0,-55.0
1726586320.6542337,d8bfc0117c7d,1.0,-56.0
1726586321.0609705,24a1602ccfab,1.0,-56.0
1726586321.0630476,a4cf12fdaea9,1.0,-53.0
1726586321.13637,a4cf12fdaea9,1.0,-56.0
1726586321.1463838,d8bfc0117c7d,1.0,-58.0
1726586321.1493785,a4cf12fdaea9,1.0,-52.0
1726586321.1513834,a4cf12fdaea9,1.0,-55.0
1726586321.1523786,24a1602ccfab,1.0,-57.0
1726586321.1533804,d8bfc0117c7d,1.0,-54.0
1726586321.159701,24a1602ccfab,1.0,-56.0
1726586321.1674817,24a1602ccfab,1.0,-55.0
1726586321.169475,d8bfc0117c7d,1.0,-54.0
1726586321.170477,a4cf12fdaea9,1.0,-52.0
1726586321.1824853,24a1602ccfab,1.0,-56.0
1726586321.1894884,a4cf12fdaea9,1.0,-52.0
1726586321.2034795,24a1602ccfab,1.0,-56.0
1726586321.2064936,d8bfc0117c7d,1.0,-56.0
1726586321.2204762,24a1602ccfab,1.0,-53.0
1726586321.2264793,d8bfc0117c7d,1.0,-56.0
1726586321.233695,a4cf12fdaea9,1.0,-56.0
1726586321.2357056,d8bfc0117c7d,1.0,-57.0
1726586321.2377048,24a1602ccfab,1.0,-54.0
1726586321.249711,a4cf12fdaea9,1.0,-53.0
1726586321.250704,d8bfc0117c7d,1.0,-57.0
1726586321.2525053,a4cf12fdaea9,1.0,-55.0
1726586321.254518,d8bfc0117c7d,1.0,-57.0
1726586321.2670348,24a1602ccfab,1.0,-53.0
1726586321.6957514,d8bfc0117c7d,1.0,-56.0
1726586321.7027817,a4cf12fdaea9,1.0,-52.0
1726586321.7087712,24a1602ccfab,1.0,-53.0
1726586321.719674,a4cf12fdaea9,1.0,-55.0
1726586321.7216842,d8bfc0117c7d,1.0,-57.0
1726586321.7346728,24a1602ccfab,1.0,-56.0
1726586321.7366772,24a1602ccfab,1.0,-55.0
1726586321.7396858,d8bfc0117c7d,1.0,-57.0
1726586321.7526727,a4cf12fdaea9,1.0,-53.0
1726586321.770196,a4cf12fdaea9,1.0,-53.0
1726586321.782597,d8bfc0117c7d,1.0,-57.0
1726586321.7846084,a4cf12fdaea9,1.0,-53.0
1726586321.7986608,24a1602ccfab,1.0,-53.0
1726586321.8026066,d8bfc0117c7d,1.0,-57.0
1726586321.8056357,24a1602ccfab,1.0,-53.0
1726586321.8116078,a4cf12fdaea9,1.0,-53.0
1726586321.8136058,d8bfc0117c7d,1.0,-54.0
1726586321.8156297,a4cf12fdaea9,1.0,-53.0
1726586321.8245027,a4cf12fdaea9,1.0,-54.0
1726586321.8265157,24a1602ccfab,1.0,-50.0
1726586321.8275154,a4cf12fdaea9,1.0,-54.0
1726586321.8285496,a4cf12fdaea9,1.0,-50.0
1726586321.8305106,a4cf12fdaea9,1.0,-50.0
1726586321.8315117,24a1602ccfab,1.0,-51.0
1726586321.8455215,d8bfc0117c7d,1.0,-58.0
1726586321.8475122,24a1602ccfab,1.0,-58.0
1726586321.855472,a4cf12fdaea9,1.0,-56.0
1726586321.8604696,24a1602ccfab,1.0,-56.0
1726586321.8624792,d8bfc0117c7d,1.0,-57.0
1726586321.8697758,d8bfc0117c7d,1.0,-58.0
1726586321.8728046,d8bfc0117c7d,1.0,-52.0
1726586321.8777883,a4cf12fdaea9,1.0,-54.0
1726586321.8870144,a4cf12fdaea9,1.0,-56.0
1726586321.8930082,24a1602ccfab,1.0,-56.0
1726586321.9030063,a4cf12fdaea9,1.0,-56.0
1726586321.9050112,d8bfc0117c7d,1.0,-52.0
1726586321.9140136,a4cf12fdaea9,1.0,-49.0
1726586321.9203694,24a1602ccfab,1.0,-57.0
1726586321.9253886,24a1602ccfab,1.0,-50.0
1726586321.9373708,a4cf12fdaea9,1.0,-53.0
1726586321.9453826,24a1602ccfab,1.0,-54.0
1726586321.9517379,d8bfc0117c7d,1.0,-57.0
1726586322.253937,24a1602ccfab,1.0,-55.0
1726586322.26492,a4cf12fdaea9,1.0,-51.0
1726586322.2679207,d8bfc0117c7d,1.0,-56.0
1726586322.3059177,d8bfc0117c7d,1.0,-56.0
1726586322.319917,a4cf12fdaea9,1.0,-53.0
1726586322.3359194,24a1602ccfab,1.0,-55.0
1726586322.3549147,d8bfc0117c7d,1.0,-56.0
1726586322.361921,d8bfc0117c7d,1.0,-49.0
1726586322.3649147,d8bfc0117c7d,1.0,-49.0
1726586322.368927,24a1602ccfab,1.0,-56.0
1726586322.3824973,24a1602ccfab,1.0,-50.0
1726586322.3854475,24a1602ccfab,1.0,-50.0
1726586322.3884583,a4cf12fdaea9,1.0,-47.0
1726586322.39846,a4cf12fdaea9,1.0,-48.0
1726586322.4114647,d8bfc0117c7d,1.0,-55.0
1726586322.4154558,a4cf12fdaea9,1.0,-51.0
1726586322.4290822,24a1602ccfab,1.0,-56.0
1726586322.4439995,d8bfc0117c7d,1.0,-55.0
1726586322.454991,d8bfc0117c7d,1.0,-54.0
1726586322.4679804,d8bfc0117c7d,1.0,-56.0
1726586322.4849772,a4cf12fdaea9,1.0,-53.0
1726586322.4869826,24a1602ccfab,1.0,-53.0
1726586322.4949973,a4cf12fdaea9,1.0,-53.0
1726586322.510005,24a1602ccfab,1.0,-55.0
1726586322.5139797,24a1602ccfab,1.0,-55.0
1726586322.5159853,d8bfc0117c7d,1.0,-54.0
1726586322.5189764,a4cf12fdaea9,1.0,-54.0
1726586322.521978,24a1602ccfab,1.0,-55.0
1726586322.5349913,d8bfc0117c7d,1.0,-56.0
1726586322.5439873,24a1602ccfab,1.0,-56.0
1726586322.5549817,a4cf12fdaea9,1.0,-55.0
1726586322.5610201,24a1602ccfab,1.0,-56.0
1726586322.908556,d8bfc0117c7d,1.0,-56.0
1726586322.9175594,a4cf12fdaea9,1.0,-55.0
1726586322.920746,d8bfc0117c7d,1.0,-51.0
1726586322.9257348,a4cf12fdaea9,1.0,-49.0
1726586322.9297254,24a1602ccfab,1.0,-56.0
1726586322.9317267,a4cf12fdaea9,1.0,-52.0
1726586322.9327238,24a1602ccfab,1.0,-51.0
1726586322.9367394,d8bfc0117c7d,1.0,-53.0
1726586322.9453568,24a1602ccfab,1.0,-51.0
1726586322.9475417,24a1602ccfab,1.0,-52.0
1726586322.948549,d8bfc0117c7d,1.0,-53.0
1726586322.953555,24a1602ccfab,1.0,-50.0
1726586322.9645445,a4cf12fdaea9,1.0,-50.0
1726586322.965547,d8bfc0117c7d,1.0,-53.0
1726586322.9775949,24a1602ccfab,1.0,-53.0
1726586322.983723,a4cf12fdaea9,1.0,-50.0
1726586322.99072,24a1602ccfab,1.0,-53.0
1726586322.9966977,a4cf12fdaea9,1.0,-52.0
1726586323.0066922,24a1602ccfab,1.0,-53.0
1726586323.011009,d8bfc0117c7d,1.0,-55.0
1726586323.0204062,a4cf12fdaea9,1.0,-53.0
1726586323.0234792,24a1602ccfab,1.0,-53.0
1726586323.035258,d8bfc0117c7d,1.0,-54.0
1726586323.040257,24a1602ccfab,1.0,-52.0
1726586323.049262,24a1602ccfab,1.0,-53.0
1726586323.0552664,d8bfc0117c7d,1.0,-56.0
1726586323.0632596,24a1602ccfab,1.0,-55.0
1726586323.0714736,a4cf12fdaea9,1.0,-52.0
1726586323.07552,d8bfc0117c7d,1.0,-58.0
1726586323.0864773,24a1602ccfab,1.0,-57.0
1726586323.09049,a4cf12fdaea9,1.0,-55.0
1726586323.1024725,d8bfc0117c7d,1.0,-58.0
1726586323.1044774,d8bfc0117c7d,1.0,-56.0
1726586323.106474,24a1602ccfab,1.0,-58.0
1726586323.1234746,a4cf12fdaea9,1.0,-56.0
1726586323.1295092,24a1602ccfab,1.0,-51.0
1726586323.1324728,d8bfc0117c7d,1.0,-53.0
1726586323.1344712,a4cf12fdaea9,1.0,-52.0
1726586323.1364722,d8bfc0117c7d,1.0,-56.0
1726586323.1494756,24a1602ccfab,1.0,-57.0
1726586323.1514697,a4cf12fdaea9,1.0,-55.0
1726586323.162521,d8bfc0117c7d,1.0,-52.0
1726586323.1704738,a4cf12fdaea9,1.0,-51.0
1726586323.185084,d8bfc0117c7d,1.0,-52.0
1726586323.1991348,24a1602ccfab,1.0,-53.0
1726586323.2111535,d8bfc0117c7d,1.0,-51.0
1726586323.2141507,a4cf12fdaea9,1.0,-51.0
1726586323.2230961,d8bfc0117c7d,1.0,-53.0
1726586323.2310941,a4cf12fdaea9,1.0,-49.0
1726586323.2411282,24a1602ccfab,1.0,-53.0
1726586323.250104,a4cf12fdaea9,1.0,-50.0
1726586323.25712,24a1602ccfab,1.0,-53.0
1726586323.2701015,d8bfc0117c7d,1.0,-53.0
1726586323.2715852,a4cf12fdaea9,1.0,-50.0
1726586323.2756062,24a1602ccfab,1.0,-52.0
1726586323.2887266,d8bfc0117c7d,1.0,-53.0
1726586323.2887266,a4cf12fdaea9,1.0,-57.0
1726586323.2967458,d8bfc0117c7d,1.0,-57.0
1726586323.3047197,24a1602ccfab,1.0,-53.0
1726586323.3077614,24a1602ccfab,1.0,-53.0
1726586323.320719,24a1602ccfab,1.0,-58.0
1726586323.4607627,d8bfc0117c7d,1.0,-58.0
1726586323.4697564,a4cf12fdaea9,1.0,-54.0
1726586323.4717653,24a1602ccfab,1.0,-58.0
1726586323.4790888,a4cf12fdaea9,1.0,-52.0
1726586323.4810946,24a1602ccfab,1.0,-58.0
1726586323.4900923,24a1602ccfab,1.0,-54.0
1726586323.5105107,d8bfc0117c7d,1.0,-57.0
1726586323.5124617,24a1602ccfab,1.0,-57.0
1726586323.5214617,a4cf12fdaea9,1.0,-50.0
1726586323.5565248,d8bfc0117c7d,1.0,-55.0
1726586323.5684998,24a1602ccfab,1.0,-53.0
1726586323.5734951,d8bfc0117c7d,1.0,-55.0
1726586323.5881093,a4cf12fdaea9,1.0,-52.0
1726586323.5911477,d8bfc0117c7d,1.0,-55.0
1726586323.5981088,a4cf12fdaea9,1.0,-52.0
1726586323.601109,24a1602ccfab,1.0,-56.0
1726586323.6031103,d8bfc0117c7d,1.0,-56.0
1726586323.6051223,24a1602ccfab,1.0,-56.0
1726586323.61811,24a1602ccfab,1.0,-54.0
1726586323.6211073,d8bfc0117c7d,1.0,-55.0
1726586323.6321099,a4cf12fdaea9,1.0,-53.0
1726586323.6391206,24a1602ccfab,1.0,-55.0
1726586323.646108,d8bfc0117c7d,1.0,-54.0
1726586323.648107,d8bfc0117c7d,1.0,-52.0
1726586323.6495402,a4cf12fdaea9,1.0,-55.0
1726586323.6505365,24a1602ccfab,1.0,-50.0
1726586323.6515527,a4cf12fdaea9,1.0,-50.0
1726586323.6634116,24a1602ccfab,1.0,-57.0
1726586323.6655812,d8bfc0117c7d,1.0,-57.0
1726586323.6665692,a4cf12fdaea9,1.0,-57.0
1726586323.6688313,a4cf12fdaea9,1.0,-56.0
1726586323.6830173,a4cf12fdaea9,1.0,-57.0
1726586323.6848404,d8bfc0117c7d,1.0,-57.0
1726586323.700852,24a1602ccfab,1.0,-55.0
1726586323.7124777,d8bfc0117c7d,1.0,-57.0
1726586323.716841,24a1602ccfab,1.0,-55.0
1726586323.730846,d8bfc0117c7d,1.0,-57.0
1726586323.7328413,a4cf12fdaea9,1.0,-55.0
1726586323.7468421,24a1602ccfab,1.0,-52.0
1726586323.7518547,d8bfc0117c7d,1.0,-57.0
1726586324.1042194,d8bfc0117c7d,1.0,-55.0
1726586324.106897,d8bfc0117c7d,1.0,-56.0
1726586324.1142447,a4cf12fdaea9,1.0,-54.0
1726586324.1162462,d8bfc0117c7d,1.0,-51.0
1726586324.1172514,a4cf12fdaea9,1.0,-53.0
1726586324.1192436,24a1602ccfab,1.0,-58.0
1726586324.1202462,a4cf12fdaea9,1.0,-51.0
1726586324.121245,24a1602ccfab,1.0,-58.0
1726586324.1232493,24a1602ccfab,1.0,-55.0
1726586324.1292465,24a1602ccfab,1.0,-53.0
1726586324.137409,a4cf12fdaea9,1.0,-55.0
1726586324.1384068,24a1602ccfab,1.0,-58.0
1726586324.141441,d8bfc0117c7d,1.0,-56.0
1726586324.1483262,24a1602ccfab,1.0,-54.0
1726586324.1533127,a4cf12fdaea9,1.0,-52.0
1726586324.1793303,d8bfc0117c7d,1.0,-57.0
1726586324.1823075,a4cf12fdaea9,1.0,-55.0
1726586324.1833203,24a1602ccfab,1.0,-57.0
1726586324.2167342,a4cf12fdaea9,1.0,-52.0
1726586324.2257392,d8bfc0117c7d,1.0,-55.0
1726586324.2287438,24a1602ccfab,1.0,-56.0
1726586324.229738,d8bfc0117c7d,1.0,-56.0
1726586324.2327373,d8bfc0117c7d,1.0,-53.0
1726586324.2337494,a4cf12fdaea9,1.0,-51.0
1726586324.6186547,d8bfc0117c7d,1.0,-52.0
1726586324.6231856,24a1602ccfab,,-51.0
1726586340.4398007,a4cf12fdaea9,2.0,-62.0
1726586340.4414876,24a1602ccfab,2.0,-58.0
1726586340.4434977,d8bfc0117c7d,2.0,-62.0
1726586340.4444969,d8bfc0117c7d,2.0,-62.0
1726586340.4454963,a4cf12fdaea9,2.0,-62.0
1726586340.4464962,24a1602ccfab,2.0,-59.0
1726586340.4610102,a4cf12fdaea9,2.0,-63.0
1726586340.4629853,d8bfc0117c7d,2.0,-62.0
1726586340.4796937,24a1602ccfab,2.0,-58.0
1726586340.5003939,a4cf12fdaea9,2.0,-62.0
1726586340.5172703,24a1602ccfab,2.0,-58.0
1726586340.5475564,d8bfc0117c7d,2.0,-61.0
1726586340.5645742,a4cf12fdaea9,2.0,-63.0
1726586340.5665762,d8bfc0117c7d,2.0,-62.0
1726586340.5685678,24a1602ccfab,2.0,-57.0
1726586340.5695708,a4cf12fdaea9,2.0,-62.0
1726586340.852829,a4cf12fdaea9,2.0,-64.0
1726586340.857834,24a1602ccfab,2.0,-61.0
1726586340.8667355,d8bfc0117c7d,2.0,-63.0
1726586340.8988132,a4cf12fdaea9,2.0,-65.0
1726586340.9111145,24a1602ccfab,2.0,-60.0
1726586340.9151146,d8bfc0117c7d,2.0,-65.0
1726586340.9325118,d8bfc0117c7d,2.0,-65.0
1726586340.951033,24a1602ccfab,2.0,-59.0
1726586340.9652119,a4cf12fdaea9,2.0,-64.0
1726586340.995362,d8bfc0117c7d,2.0,-64.0
1726586341.005367,a4cf12fdaea9,2.0,-64.0
1726586341.0127997,24a1602ccfab,2.0,-58.0
1726586341.0227487,d8bfc0117c7d,2.0,-66.0
1726586341.0397668,24a1602ccfab,2.0,-60.0
1726586341.0423877,a4cf12fdaea9,2.0,-65.0
1726586341.0433855,24a1602ccfab,2.0,-60.0
1726586341.0443852,d8bfc0117c7d,2.0,-65.0
1726586341.0463846,a4cf12fdaea9,2.0,-65.0
1726586341.047384,a4cf12fdaea9,2.0,-66.0
1726586341.0483906,24a1602ccfab,2.0,-62.0
1726586341.049386,d8bfc0117c7d,2.0,-66.0
1726586341.0513878,d8bfc0117c7d,2.0,-68.0
1726586341.0523863,24a1602ccfab,2.0,-62.0
1726586341.054385,24a1602ccfab,2.0,-62.0
1726586341.073401,a4cf12fdaea9,2.0,-66.0
1726586341.0782106,24a1602ccfab,2.0,-62.0
1726586341.0792124,d8bfc0117c7d,2.0,-67.0
1726586341.08121,d8bfc0117c7d,2.0,-60.0
1726586341.0822113,a4cf12fdaea9,2.0,-61.0
1726586341.0832112,24a1602ccfab,2.0,-63.0
1726586341.084212,d8bfc0117c7d,2.0,-60.0
1726586341.094578,24a1602ccfab,2.0,-56.0
1726586341.09658,a4cf12fdaea9,2.0,-63.0
1726586341.0975792,d8bfc0117c7d,2.0,-61.0
1726586341.098581,24a1602ccfab,2.0,-57.0
1726586341.100579,d8bfc0117c7d,2.0,-77.0
1726586341.1026022,a4cf12fdaea9,2.0,-67.0
1726586341.1095989,d8bfc0117c7d,2.0,-63.0
1726586341.11158,a4cf12fdaea9,2.0,-63.0
1726586341.1125798,24a1602ccfab,2.0,-60.0
1726586341.1145787,d8bfc0117c7d,2.0,-60.0
1726586341.1155777,d8bfc0117c7d,2.0,-61.0
1726586341.128816,a4cf12fdaea9,2.0,-61.0
1726586341.1300354,d8bfc0117c7d,2.0,-61.0
1726586341.146619,24a1602ccfab,2.0,-60.0
1726586341.1648605,a4cf12fdaea9,2.0,-61.0
1726586341.1843927,24a1602ccfab,2.0,-60.0
1726586341.200373,a4cf12fdaea9,2.0,-62.0
1726586341.4494534,d8bfc0117c7d,2.0,-63.0
1726586341.5029564,d8bfc0117c7d,2.0,-61.0
1726586341.5126457,24a1602ccfab,2.0,-62.0
1726586341.514606,a4cf12fdaea9,2.0,-65.0
1726586341.564277,24a1602ccfab,2.0,-61.0
1726586341.5795085,a4cf12fdaea9,2.0,-65.0
1726586341.5835352,d8bfc0117c7d,2.0,-61.0
1726586341.5865061,a4cf12fdaea9,2.0,-65.0
1726586341.6085095,d8bfc0117c7d,2.0,-61.0
1726586341.637333,d8bfc0117c7d,2.0,-62.0
1726586341.6525095,a4cf12fdaea9,2.0,-66.0
1726586341.678535,d8bfc0117c7d,2.0,-56.0
1726586341.6835606,24a1602ccfab,2.0,-62.0
1726586341.7028432,a4cf12fdaea9,2.0,-60.0
1726586341.7310202,24a1602ccfab,2.0,-58.0
1726586341.7491632,a4cf12fdaea9,2.0,-65.0
1726586341.7657025,24a1602ccfab,2.0,-63.0
1726586341.7782824,d8bfc0117c7d,2.0,-62.0
1726586341.7916434,d8bfc0117c7d,2.0,-64.0
1726586341.8116643,a4cf12fdaea9,2.0,-66.0
1726586341.8192713,24a1602ccfab,2.0,-63.0
1726586341.8212833,d8bfc0117c7d,2.0,-62.0
1726586341.836528,d8bfc0117c7d,2.0,-63.0
1726586341.8530009,24a1602ccfab,2.0,-62.0
1726586341.868298,24a1602ccfab,2.0,-62.0
1726586341.8863692,d8bfc0117c7d,2.0,-63.0
1726586341.9124277,24a1602ccfab,2.0,-62.0
1726586341.9233654,a4cf12fdaea9,2.0,-62.0
1726586341.9499497,24a1602ccfab,2.0,-62.0
1726586341.9687514,d8bfc0117c7d,2.0,-61.0
1726586341.995674,24a1602ccfab,2.0,-62.0
1726586342.0056765,d8bfc0117c7d,2.0,-60.0
1726586342.0236902,a4cf12fdaea9,2.0,-63.0
1726586342.0365517,24a1602ccfab,2.0,-63.0
1726586342.0752068,d8bfc0117c7d,2.0,-65.0
1726586342.0858133,a4cf12fdaea9,2.0,-64.0
1726586342.1035078,24a1602ccfab,2.0,-62.0
1726586342.1379735,d8bfc0117c7d,2.0,-66.0
1726586342.145967,a4cf12fdaea9,2.0,-65.0
1726586342.1691236,24a1602ccfab,2.0,-62.0
1726586342.2287529,d8bfc0117c7d,2.0,-64.0
1726586342.2325013,a4cf12fdaea9,2.0,-65.0
1726586342.2404606,d8bfc0117c7d,2.0,-64.0
1726586342.2434642,24a1602ccfab,2.0,-61.0
1726586342.252735,d8bfc0117c7d,2.0,-65.0
1726586342.2547357,24a1602ccfab,2.0,-62.0
1726586342.2626789,a4cf12fdaea9,2.0,-64.0
1726586342.2736123,d8bfc0117c7d,2.0,-65.0
1726586342.2756138,24a1602ccfab,2.0,-61.0
1726586342.2776184,d8bfc0117c7d,2.0,-66.0
1726586342.2790926,a4cf12fdaea9,2.0,-65.0
1726586342.280091,a4cf12fdaea9,2.0,-65.0
1726586342.2810907,d8bfc0117c7d,2.0,-66.0
1726586342.2830925,24a1602ccfab,2.0,-62.0
1726586342.284091,d8bfc0117c7d,2.0,-65.0
1726586342.2854488,a4cf12fdaea9,2.0,-65.0
1726586342.3093028,d8bfc0117c7d,2.0,-65.0
1726586342.3123174,24a1602ccfab,2.0,-61.0
1726586342.3142972,a4cf12fdaea9,2.0,-64.0
1726586342.3163004,d8bfc0117c7d,2.0,-65.0
1726586342.3172991,a4cf12fdaea9,2.0,-64.0
1726586342.3182983,24a1602ccfab,2.0,-61.0
1726586342.3218844,a4cf12fdaea9,2.0,-64.0
1726586342.3345923,24a1602ccfab,2.0,-61.0
1726586342.35354,a4cf12fdaea9,2.0,-64.0
1726586342.369693,24a1602ccfab,2.0,-62.0
1726586342.3991003,d8bfc0117c7d,2.0,-75.0
1726586342.4170954,24a1602ccfab,2.0,-61.0
1726586342.4389067,a4cf12fdaea9,2.0,-69.0
1726586342.6665125,d8bfc0117c7d,2.0,-66.0
1726586342.684228,a4cf12fdaea9,2.0,-64.0
1726586342.6902213,24a1602ccfab,2.0,-62.0
1726586342.7058892,a4cf12fdaea9,2.0,-65.0
1726586342.7164793,d8bfc0117c7d,2.0,-65.0
1726586342.7332172,24a1602ccfab,2.0,-62.0
1726586342.748223,a4cf12fdaea9,2.0,-65.0
1726586342.7745762,24a1602ccfab,2.0,-62.0
1726586342.7805684,a4cf12fdaea9,2.0,-65.0
1726586342.7815688,d8bfc0117c7d,2.0,-65.0
1726586342.7835665,a4cf12fdaea9,2.0,-65.0
1726586342.797583,d8bfc0117c7d,2.0,-67.0
1726586342.8039203,a4cf12fdaea9,2.0,-67.0
1726586342.8453486,a4cf12fdaea9,2.0,-66.0
1726586342.8543134,d8bfc0117c7d,2.0,-65.0
1726586342.8728786,a4cf12fdaea9,2.0,-67.0
1726586342.901633,d8bfc0117c7d,2.0,-60.0
1726586342.9036458,24a1602ccfab,2.0,-62.0
1726586342.9046462,a4cf12fdaea9,2.0,-59.0
1726586342.9077036,24a1602ccfab,2.0,-62.0
1726586342.9225047,a4cf12fdaea9,2.0,-61.0
1726586342.9285283,24a1602ccfab,2.0,-63.0
1726586342.9402118,24a1602ccfab,2.0,-59.0
1726586342.94556,a4cf12fdaea9,2.0,-66.0
1726586342.9583476,24a1602ccfab,2.0,-59.0
1726586342.9763286,d8bfc0117c7d,2.0,-67.0
1726586342.9783573,24a1602ccfab,2.0,-63.0
1726586342.9797657,24a1602ccfab,2.0,-65.0
1726586342.9817748,24a1602ccfab,2.0,-63.0
1726586342.9827743,d8bfc0117c7d,2.0,-65.0
1726586342.9847734,a4cf12fdaea9,2.0,-66.0
1726586342.9857755,a4cf12fdaea9,2.0,-66.0
1726586342.9867744,d8bfc0117c7d,2.0,-65.0
1726586342.9887805,d8bfc0117c7d,2.0,-66.0
1726586343.0037751,24a1602ccfab,2.0,-63.0
1726586343.005776,a4cf12fdaea9,2.0,-66.0
1726586343.3027,24a1602ccfab,2.0,-56.0
1726586343.305497,d8bfc0117c7d,2.0,-58.0
1726586343.3145041,24a1602ccfab,2.0,-58.0
1726586343.316497,a4cf12fdaea9,2.0,-58.0
1726586343.332102,d8bfc0117c7d,2.0,-58.0
1726586343.3347921,24a1602ccfab,2.0,-58.0
1726586343.3367913,24a1602ccfab,2.0,-57.0
1726586343.3377895,d8bfc0117c7d,2.0,-58.0
1726586343.3398006,24a1602ccfab,2.0,-59.0
1726586343.3457904,a4cf12fdaea9,2.0,-57.0
1726586343.3467991,24a1602ccfab,2.0,-58.0
1726586343.3487983,d8bfc0117c7d,2.0,-58.0
1726586343.359635,d8bfc0117c7d,2.0,-58.0
1726586343.3606353,d8bfc0117c7d,2.0,-59.0
1726586343.3626347,24a1602ccfab,2.0,-58.0
1726586343.363633,d8bfc0117c7d,2.0,-60.0
1726586343.383962,a4cf12fdaea9,2.0,-58.0
1726586343.4191494,24a1602ccfab,2.0,-60.0
1726586343.4470167,a4cf12fdaea9,2.0,-59.0
1726586343.4620929,d8bfc0117c7d,2.0,-59.0
1726586343.4819763,24a1602ccfab,2.0,-65.0
1726586343.4930806,d8bfc0117c7d,2.0,-59.0
1726586343.5100718,d8bfc0117c7d,2.0,-73.0
1726586343.5160556,a4cf12fdaea9,2.0,-69.0
1726586343.5180619,d8bfc0117c7d,2.0,-66.0
1726586343.520055,d8bfc0117c7d,2.0,-57.0
1726586343.5210514,a4cf12fdaea9,2.0,-59.0
1726586343.527061,24a1602ccfab,2.0,-58.0
1726586343.5400097,a4cf12fdaea9,2.0,-59.0
1726586343.556014,24a1602ccfab,2.0,-58.0
1726586343.5625613,d8bfc0117c7d,2.0,-64.0
1726586343.5645578,24a1602ccfab,2.0,-63.0
1726586343.5655594,d8bfc0117c7d,2.0,-64.0
1726586343.567561,a4cf12fdaea9,2.0,-65.0
1726586343.579855,a4cf12fdaea9,2.0,-72.0
1726586343.5808883,d8bfc0117c7d,2.0,-75.0
1726586343.5831988,d8bfc0117c7d,2.0,-58.0
1726586343.6001246,d8bfc0117c7d,2.0,-58.0
1726586343.6031098,24a1602ccfab,2.0,-60.0
1726586343.6051066,a4cf12fdaea9,2.0,-59.0
1726586343.6091175,d8bfc0117c7d,2.0,-74.0
1726586343.6261916,a4cf12fdaea9,2.0,-60.0
1726586343.6320627,d8bfc0117c7d,2.0,-59.0
1726586343.6340828,24a1602ccfab,2.0,-59.0
1726586343.6365163,a4cf12fdaea9,2.0,-70.0
1726586343.6385126,d8bfc0117c7d,2.0,-59.0
1726586343.6415298,a4cf12fdaea9,2.0,-57.0
1726586343.654985,24a1602ccfab,2.0,-61.0
1726586343.6569908,d8bfc0117c7d,2.0,-59.0
1726586343.678488,a4cf12fdaea9,2.0,-60.0
1726586343.6931915,d8bfc0117c7d,2.0,-59.0
1726586343.7122173,d8bfc0117c7d,2.0,-59.0
1726586343.7222044,24a1602ccfab,2.0,-56.0
1726586343.7308898,a4cf12fdaea9,2.0,-60.0
1726586343.7398791,24a1602ccfab,2.0,-59.0
1726586343.7541575,a4cf12fdaea9,2.0,-61.0
1726586343.759273,a4cf12fdaea9,2.0,-61.0
1726586343.7787395,24a1602ccfab,2.0,-56.0
1726586343.7797365,d8bfc0117c7d,2.0,-62.0
1726586343.7817318,d8bfc0117c7d,2.0,-62.0
1726586343.7837305,24a1602ccfab,2.0,-58.0
1726586343.7847266,d8bfc0117c7d,2.0,-62.0
1726586343.8007238,24a1602ccfab,2.0,-59.0
1726586343.820123,d8bfc0117c7d,2.0,-61.0
1726586343.837568,a4cf12fdaea9,2.0,-62.0
1726586343.8548038,24a1602ccfab,2.0,-59.0
1726586343.8844702,24a1602ccfab,2.0,-62.0
1726586343.9034789,24a1602ccfab,2.0,-59.0
1726586343.915475,d8bfc0117c7d,2.0,-63.0
1726586343.9174697,24a1602ccfab,2.0,-62.0
1726586343.9194713,a4cf12fdaea9,2.0,-62.0
1726586343.9208572,a4cf12fdaea9,2.0,-61.0
1726586343.9218564,d8bfc0117c7d,2.0,-62.0
1726586343.9248745,24a1602ccfab,2.0,-62.0
1726586343.9483352,d8bfc0117c7d,2.0,-64.0
1726586343.9623647,a4cf12fdaea9,2.0,-62.0
1726586343.9706616,24a1602ccfab,2.0,-61.0
1726586343.978679,d8bfc0117c7d,2.0,-63.0
1726586343.9975634,a4cf12fdaea9,2.0,-61.0
1726586344.0066302,a4cf12fdaea9,2.0,-62.0
1726586344.01246,d8bfc0117c7d,2.0,-63.0
1726586344.0144436,24a1602ccfab,2.0,-63.0
1726586344.0154476,24a1602ccfab,2.0,-62.0
1726586344.0174434,a4cf12fdaea9,2.0,-61.0
1726586344.018445,d8bfc0117c7d,2.0,-62.0
1726586344.0324697,a4cf12fdaea9,2.0,-61.0
1726586344.0345356,d8bfc0117c7d,2.0,-61.0
1726586344.0457942,24a1602ccfab,2.0,-62.0
1726586344.0477884,a4cf12fdaea9,2.0,-62.0
1726586344.0487907,d8bfc0117c7d,2.0,-64.0
1726586344.0517964,24a1602ccfab,2.0,-62.0
1726586344.0695593,a4cf12fdaea9,2.0,-61.0
1726586344.0735738,d8bfc0117c7d,2.0,-62.0
1726586344.075551,24a1602ccfab,2.0,-61.0
1726586344.0845869,d8bfc0117c7d,2.0,-62.0
1726586344.093809,a4cf12fdaea9,2.0,-62.0
1726586344.0958333,24a1602ccfab,2.0,-61.0
1726586344.1059031,d8bfc0117c7d,2.0,-63.0
1726586344.4580636,d8bfc0117c7d,2.0,-63.0
1726586344.4699147,24a1602ccfab,2.0,-61.0
1726586344.475951,a4cf12fdaea9,2.0,-62.0
1726586344.4902966,a4cf12fdaea9,2.0,-63.0
1726586344.4976442,d8bfc0117c7d,2.0,-65.0
1726586344.513657,24a1602ccfab,2.0,-63.0
1726586344.5278761,a4cf12fdaea9,2.0,-63.0
1726586344.535932,24a1602ccfab,2.0,-63.0
1726586344.5518773,24a1602ccfab,2.0,-61.0
1726586344.5653777,d8bfc0117c7d,2.0,-64.0
1726586344.587504,24a1602ccfab,2.0,-61.0
1726586344.589506,d8bfc0117c7d,2.0,-64.0
1726586344.5975478,a4cf12fdaea9,2.0,-62.0
1726586344.6115117,24a1602ccfab,2.0,-61.0
1726586344.6135652,d8bfc0117c7d,2.0,-63.0
1726586344.6176262,a4cf12fdaea9,2.0,-62.0
1726586344.6206448,24a1602ccfab,2.0,-61.0
1726586344.6226377,24a1602ccfab,2.0,-62.0
1726586344.6266456,d8bfc0117c7d,2.0,-63.0
1726586344.6456256,a4cf12fdaea9,2.0,-61.0
1726586344.6466312,d8bfc0117c7d,2.0,-63.0
1726586344.6486285,a4cf12fdaea9,2.0,-62.0
1726586344.6496286,d8bfc0117c7d,2.0,-63.0
1726586344.6512482,a4cf12fdaea9,2.0,-61.0
1726586344.6522377,24a1602ccfab,2.0,-62.0
1726586344.653237,24a1602ccfab,2.0,-61.0
1726586344.6542377,d8bfc0117c7d,2.0,-62.0
1726586344.6552374,24a1602ccfab,2.0,-61.0
1726586345.052922,d8bfc0117c7d,2.0,-63.0
1726586345.063418,24a1602ccfab,2.0,-62.0
1726586345.1004548,a4cf12fdaea9,2.0,-62.0
1726586345.1044748,d8bfc0117c7d,2.0,-62.0
1726586345.1184602,24a1602ccfab,2.0,-61.0
1726586345.1224563,a4cf12fdaea9,2.0,-62.0
1726586345.126485,24a1602ccfab,2.0,-61.0
1726586345.1394587,d8bfc0117c7d,2.0,-63.0
1726586345.1471076,a4cf12fdaea9,2.0,-62.0
1726586345.156121,a4cf12fdaea9,2.0,-62.0
1726586345.1684191,d8bfc0117c7d,2.0,-62.0
1726586345.176507,a4cf12fdaea9,2.0,-62.0
1726586345.190503,24a1602ccfab,2.0,-61.0
1726586345.20629,d8bfc0117c7d,2.0,-56.0
1726586345.237454,a4cf12fdaea9,2.0,-55.0
1726586345.252239,d8bfc0117c7d,2.0,-64.0
1726586345.2697794,a4cf12fdaea9,2.0,-61.0
1726586345.2865117,a4cf12fdaea9,2.0,-62.0
1726586345.2885532,d8bfc0117c7d,2.0,-62.0
1726586345.2915359,24a1602ccfab,2.0,-62.0
1726586345.2985218,24a1602ccfab,2.0,-61.0
1726586345.3095243,d8bfc0117c7d,2.0,-63.0
1726586345.3165102,a4cf12fdaea9,2.0,-62.0
1726586345.3185124,24a1602ccfab,2.0,-61.0
1726586345.3205132,d8bfc0117c7d,2.0,-63.0
1726586345.3225167,24a1602ccfab,2.0,-61.0
1726586345.3235137,a4cf12fdaea9,2.0,-63.0
1726586345.3255198,24a1602ccfab,2.0,-61.0
1726586345.653445,a4cf12fdaea9,2.0,-62.0
1726586345.6642148,d8bfc0117c7d,2.0,-62.0
1726586345.6661985,24a1602ccfab,2.0,-61.0
1726586345.6711993,a4cf12fdaea9,2.0,-61.0
1726586345.6808875,d8bfc0117c7d,2.0,-62.0
1726586345.7067976,24a1602ccfab,2.0,-60.0
1726586345.7337532,24a1602ccfab,2.0,-61.0
1726586345.7537432,a4cf12fdaea9,2.0,-62.0
1726586345.783537,d8bfc0117c7d,2.0,-63.0
1726586345.802496,d8bfc0117c7d,2.0,-63.0
1726586345.8185053,a4cf12fdaea9,2.0,-62.0
1726586345.8336291,24a1602ccfab,2.0,-61.0
1726586345.8386123,a4cf12fdaea9,2.0,-61.0
1726586345.8406105,d8bfc0117c7d,2.0,-56.0
1726586345.8566139,a4cf12fdaea9,2.0,-56.0
1726586345.8727698,d8bfc0117c7d,2.0,-56.0
1726586345.8915122,24a1602ccfab,2.0,-56.0
1726586345.9048967,d8bfc0117c7d,2.0,-57.0
1726586345.927008,24a1602ccfab,2.0,-56.0
1726586345.9541519,d8bfc0117c7d,2.0,-64.0
1726586345.970155,24a1602ccfab,2.0,-62.0
1726586345.9872587,a4cf12fdaea9,2.0,-63.0
1726586346.0032601,24a1602ccfab,2.0,-62.0
1726586346.0349422,a4cf12fdaea9,2.0,-61.0
1726586346.053409,d8bfc0117c7d,2.0,-56.0
1726586346.0734708,a4cf12fdaea9,2.0,-57.0
1726586346.0903869,24a1602ccfab,2.0,-55.0
1726586346.092385,d8bfc0117c7d,2.0,-58.0
1726586346.1065392,a4cf12fdaea9,2.0,-56.0
1726586346.2533488,d8bfc0117c7d,2.0,-63.0
1726586346.2563615,a4cf12fdaea9,2.0,-62.0
1726586346.265351,24a1602ccfab,2.0,-61.0
1726586346.3373172,a4cf12fdaea9,2.0,-62.0
1726586346.3410912,d8bfc0117c7d,2.0,-63.0
1726586346.3505316,a4cf12fdaea9,2.0,-62.0
1726586346.351492,a4cf12fdaea9,2.0,-54.0
1726586346.3534908,d8bfc0117c7d,2.0,-56.0
1726586346.3544936,24a1602ccfab,2.0,-62.0
1726586346.35649,a4cf12fdaea9,2.0,-54.0
1726586346.358495,24a1602ccfab,2.0,-61.0
1726586346.3734953,a4cf12fdaea9,2.0,-54.0
1726586346.3754945,a4cf12fdaea9,2.0,-55.0
1726586346.3824987,d8bfc0117c7d,2.0,-55.0
1726586346.3845835,24a1602ccfab,2.0,-56.0
1726586346.386559,d8bfc0117c7d,2.0,-64.0
1726586346.3875568,24a1602ccfab,2.0,-60.0
1726586346.3895583,d8bfc0117c7d,2.0,-63.0
1726586346.391568,24a1602ccfab,2.0,-61.0
1726586346.404482,d8bfc0117c7d,2.0,-63.0
1726586346.406533,a4cf12fdaea9,2.0,-62.0
1726586346.4269297,d8bfc0117c7d,2.0,-63.0
1726586346.4429774,24a1602ccfab,2.0,-61.0
1726586346.4711132,d8bfc0117c7d,2.0,-63.0
1726586346.487418,24a1602ccfab,2.0,-61.0
1726586346.505426,d8bfc0117c7d,2.0,-63.0
1726586346.5234478,a4cf12fdaea9,2.0,-61.0
1726586346.9677722,d8bfc0117c7d,2.0,-63.0
1726586346.9777749,a4cf12fdaea9,2.0,-61.0
1726586346.9797716,d8bfc0117c7d,2.0,-57.0
1726586346.989527,24a1602ccfab,2.0,-57.0
1726586346.991526,d8bfc0117c7d,2.0,-55.0
1726586346.9945538,24a1602ccfab,2.0,-57.0
1726586346.9994736,a4cf12fdaea9,2.0,-61.0
1726586347.0014837,24a1602ccfab,2.0,-57.0
1726586347.0024815,d8bfc0117c7d,2.0,-55.0
1726586347.003483,24a1602ccfab,2.0,-56.0
1726586347.0044827,d8bfc0117c7d,2.0,-58.0
1726586347.0064821,24a1602ccfab,2.0,-57.0
1726586347.0074813,d8bfc0117c7d,2.0,-59.0
1726586347.0094903,a4cf12fdaea9,2.0,-57.0
1726586347.0201645,24a1602ccfab,2.0,-57.0
1726586347.0244234,a4cf12fdaea9,2.0,-55.0
1726586347.0264323,a4cf12fdaea9,2.0,-55.0
1726586347.0404239,a4cf12fdaea9,2.0,-57.0
1726586347.0424252,a4cf12fdaea9,2.0,-55.0
1726586347.048434,d8bfc0117c7d,2.0,-63.0
1726586347.0504384,a4cf12fdaea9,2.0,-62.0
1726586347.0524244,d8bfc0117c7d,2.0,-63.0
1726586347.0534263,24a1602ccfab,2.0,-62.0
1726586347.0544245,24a1602ccfab,2.0,-61.0
1726586347.0554245,a4cf12fdaea9,2.0,-61.0
1726586347.0574253,d8bfc0117c7d,2.0,-63.0
1726586347.058428,24a1602ccfab,2.0,-61.0
1726586347.072221,d8bfc0117c7d,2.0,-62.0
1726586347.0742168,d8bfc0117c7d,2.0,-64.0
1726586347.089226,a4cf12fdaea9,2.0,-63.0
1726586347.1054773,24a1602ccfab,2.0,-63.0
1726586347.1224844,d8bfc0117c7d,2.0,-64.0
1726586347.148502,24a1602ccfab,2.0,-62.0
1726586347.1624994,a4cf12fdaea9,2.0,-62.0
1726586347.166494,24a1602ccfab,2.0,-62.0
1726586347.1685097,d8bfc0117c7d,2.0,-57.0
1726586347.183566,a4cf12fdaea9,2.0,-56.0
1726586347.18457,24a1602ccfab,2.0,-55.0
1726586347.2046053,a4cf12fdaea9,2.0,-55.0
1726586347.222206,24a1602ccfab,2.0,-56.0
1726586347.250769,24a1602ccfab,2.0,-56.0
1726586347.267761,d8bfc0117c7d,2.0,-65.0
1726586347.289958,a4cf12fdaea9,2.0,-63.0
1726586347.2929559,24a1602ccfab,2.0,-62.0
1726586347.306952,d8bfc0117c7d,2.0,-64.0
1726586347.3089533,24a1602ccfab,2.0,-62.0
1726586347.3169541,a4cf12fdaea9,2.0,-63.0
1726586347.3179548,d8bfc0117c7d,2.0,-64.0
1726586347.4660118,24a1602ccfab,2.0,-62.0
1726586347.4699798,d8bfc0117c7d,2.0,-64.0
1726586347.4782777,a4cf12fdaea9,2.0,-63.0
1726586347.511794,a4cf12fdaea9,2.0,-63.0
1726586347.5218124,24a1602ccfab,2.0,-62.0
1726586347.523812,d8bfc0117c7d,2.0,-64.0
1726586347.5449789,a4cf12fdaea9,2.0,-62.0
1726586347.5499413,24a1602ccfab,2.0,-62.0
1726586347.552941,d8bfc0117c7d,2.0,-64.0
1726586347.5539215,a4cf12fdaea9,2.0,-60.0
1726586347.5549212,24a1602ccfab,2.0,-61.0
1726586347.5569236,d8bfc0117c7d,2.0,-64.0
1726586347.5579233,a4cf12fdaea9,2.0,-60.0
1726586347.5880425,a4cf12fdaea9,2.0,-63.0
1726586347.590067,d8bfc0117c7d,2.0,-63.0
1726586347.604081,24a1602ccfab,2.0,-61.0
1726586347.6060808,a4cf12fdaea9,2.0,-62.0
1726586347.6390748,d8bfc0117c7d,2.0,-64.0
1726586347.6602473,a4cf12fdaea9,2.0,-62.0
1726586347.6732557,24a1602ccfab,2.0,-61.0
1726586347.6762388,24a1602ccfab,2.0,-61.0
1726586347.691712,d8bfc0117c7d,2.0,-65.0
1726586347.6947415,d8bfc0117c7d,2.0,-58.0
1726586347.7121484,d8bfc0117c7d,2.0,-57.0
1726586347.7222486,a4cf12fdaea9,2.0,-56.0
1726586347.724246,24a1602ccfab,2.0,-57.0
1726586347.726249,a4cf12fdaea9,2.0,-56.0
1726586347.7416556,24a1602ccfab,2.0,-55.0
1726586347.745659,a4cf12fdaea9,2.0,-55.0
1726586347.7527962,d8bfc0117c7d,2.0,-72.0
1726586348.073326,d8bfc0117c7d,2.0,-66.0
1726586348.0773005,24a1602ccfab,2.0,-63.0
1726586348.0852928,a4cf12fdaea9,2.0,-65.0
1726586348.0868886,a4cf12fdaea9,2.0,-61.0
1726586348.0888953,24a1602ccfab,2.0,-58.0
1726586348.089887,d8bfc0117c7d,2.0,-61.0
1726586348.0908866,d8bfc0117c7d,2.0,-62.0
1726586348.0991085,d8bfc0117c7d,2.0,-60.0
1726586348.1111586,24a1602ccfab,2.0,-58.0
1726586348.1246388,a4cf12fdaea9,2.0,-60.0
1726586348.1527221,d8bfc0117c7d,2.0,-61.0
1726586348.163938,24a1602ccfab,2.0,-59.0
1726586348.1659465,d8bfc0117c7d,2.0,-63.0
1726586348.1679518,24a1602ccfab,2.0,-59.0
1726586348.168937,a4cf12fdaea9,2.0,-62.0
1726586348.1709375,d8bfc0117c7d,2.0,-63.0
1726586348.171937,a4cf12fdaea9,2.0,-62.0
1726586348.1729357,24a1602ccfab,2.0,-61.0
1726586348.1749406,d8bfc0117c7d,2.0,-63.0
1726586348.1892865,a4cf12fdaea9,2.0,-63.0
1726586348.2082753,a4cf12fdaea9,2.0,-64.0
1726586348.225048,d8bfc0117c7d,2.0,-69.0
1726586348.2554884,a4cf12fdaea9,2.0,-68.0
1726586348.2717195,d8bfc0117c7d,2.0,-68.0
1726586348.3047192,a4cf12fdaea9,2.0,-68.0
1726586348.3227892,24a1602ccfab,2.0,-64.0
1726586348.35081,d8bfc0117c7d,2.0,-67.0
1726586348.36039,24a1602ccfab,2.0,-63.0
1726586348.3788233,24a1602ccfab,2.0,-62.0
1726586348.3858144,d8bfc0117c7d,2.0,-65.0
1726586348.3878152,24a1602ccfab,2.0,-62.0
1726586348.3898234,d8bfc0117c7d,2.0,-65.0
1726586348.3918135,24a1602ccfab,2.0,-62.0
1726586348.3948429,a4cf12fdaea9,2.0,-65.0
1726586348.4085755,a4cf12fdaea9,2.0,-66.0
1726586348.653895,24a1602ccfab,2.0,-61.0
1726586348.6648104,d8bfc0117c7d,2.0,-63.0
1726586348.666811,a4cf12fdaea9,2.0,-64.0
1726586348.7319949,a4cf12fdaea9,2.0,-64.0
1726586348.7339978,d8bfc0117c7d,2.0,-64.0
1726586348.740979,24a1602ccfab,2.0,-62.0
1726586348.776322,d8bfc0117c7d,2.0,-64.0
1726586348.7878752,a4cf12fdaea9,2.0,-64.0
1726586348.8038838,24a1602ccfab,2.0,-62.0
1726586349.260402,d8bfc0117c7d,2.0,-64.0
1726586349.2720277,d8bfc0117c7d,2.0,-56.0
1726586349.278576,24a1602ccfab,2.0,-62.0
1726586349.297398,a4cf12fdaea9,2.0,-64.0
1726586349.312455,24a1602ccfab,2.0,-57.0
1726586349.3169746,a4cf12fdaea9,2.0,-58.0
1726586349.324765,d8bfc0117c7d,2.0,-58.0
1726586349.3412757,a4cf12fdaea9,2.0,-58.0
1726586349.3432338,d8bfc0117c7d,2.0,-58.0
1726586349.3442395,24a1602ccfab,2.0,-55.0
1726586349.3512406,a4cf12fdaea9,2.0,-60.0
1726586349.3532364,24a1602ccfab,2.0,-57.0
1726586349.3542123,d8bfc0117c7d,2.0,-66.0
1726586349.3558345,24a1602ccfab,2.0,-63.0
1726586349.358252,a4cf12fdaea9,2.0,-66.0
1726586349.3721032,a4cf12fdaea9,2.0,-63.0
1726586349.3866282,d8bfc0117c7d,2.0,-62.0
1726586349.4015086,d8bfc0117c7d,2.0,-65.0
1726586349.4030948,d8bfc0117c7d,2.0,-57.0
1726586349.416801,a4cf12fdaea9,2.0,-64.0
1726586349.4367979,d8bfc0117c7d,2.0,-57.0
1726586349.4548163,a4cf12fdaea9,2.0,-55.0
1726586349.4687977,24a1602ccfab,2.0,-55.0
1726586349.4847093,d8bfc0117c7d,2.0,-57.0
1726586349.495715,d8bfc0117c7d,2.0,-63.0
1726586349.5169034,a4cf12fdaea9,2.0,-64.0
1726586349.520897,d8bfc0117c7d,2.0,-56.0
1726586349.5218964,24a1602ccfab,2.0,-57.0
1726586349.523898,a4cf12fdaea9,2.0,-57.0
1726586349.5248985,24a1602ccfab,2.0,-57.0
1726586349.5268962,a4cf12fdaea9,2.0,-63.0
1726586349.5348256,d8bfc0117c7d,2.0,-63.0
1726586349.5488307,24a1602ccfab,2.0,-61.0
1726586349.5512147,d8bfc0117c7d,2.0,-56.0
1726586349.5532157,a4cf12fdaea9,2.0,-58.0
1726586349.554231,d8bfc0117c7d,2.0,-64.0
1726586349.5563824,24a1602ccfab,2.0,-61.0
1726586349.5583546,a4cf12fdaea9,2.0,-64.0
1726586349.5593524,d8bfc0117c7d,2.0,-62.0
1726586349.5766287,a4cf12fdaea9,2.0,-63.0
1726586349.5806377,24a1602ccfab,2.0,-62.0
1726586349.8809054,d8bfc0117c7d,2.0,-64.0
1726586349.8918157,24a1602ccfab,2.0,-61.0
1726586349.8938148,a4cf12fdaea9,2.0,-63.0
1726586349.924168,24a1602ccfab,2.0,-61.0
1726586349.9261694,d8bfc0117c7d,2.0,-64.0
1726586349.9281673,a4cf12fdaea9,2.0,-64.0
1726586349.9361668,d8bfc0117c7d,2.0,-64.0
1726586349.9470224,24a1602ccfab,2.0,-61.0
1726586349.9556417,a4cf12fdaea9,2.0,-64.0
1726586349.9688559,24a1602ccfab,2.0,-62.0
1726586349.978823,a4cf12fdaea9,2.0,-65.0
1726586349.9858181,d8bfc0117c7d,2.0,-64.0
1726586350.0167117,d8bfc0117c7d,2.0,-64.0
1726586350.017715,a4cf12fdaea9,2.0,-63.0
1726586350.019711,24a1602ccfab,2.0,-62.0
1726586350.0378728,a4cf12fdaea9,2.0,-57.0
1726586350.0418034,d8bfc0117c7d,2.0,-58.0
1726586350.043801,24a1602ccfab,2.0,-57.0
1726586350.4582517,d8bfc0117c7d,2.0,-64.0
1726586350.469258,24a1602ccfab,2.0,-63.0
1726586350.4712515,a4cf12fdaea9,2.0,-66.0
1726586350.515022,d8bfc0117c7d,2.0,-64.0
1726586350.5246434,24a1602ccfab,2.0,-62.0
1726586350.5276537,a4cf12fdaea9,2.0,-65.0
1726586350.5506146,24a1602ccfab,2.0,-63.0
1726586350.5526872,a4cf12fdaea9,2.0,-64.0
1726586350.596292,d8bfc0117c7d,2.0,-64.0
1726586350.6067467,d8bfc0117c7d,2.0,-63.0
1726586350.6087484,24a1602ccfab,2.0,-62.0
1726586350.6097481,a4cf12fdaea9,2.0,-63.0
1726586350.611756,24a1602ccfab,2.0,-61.0
1726586350.619753,d8bfc0117c7d,2.0,-63.0
1726586350.6357508,d8bfc0117c7d,2.0,-64.0
1726586350.6367464,a4cf12fdaea9,2.0,-64.0
1726586350.6392214,24a1602ccfab,2.0,-61.0
1726586351.072652,d8bfc0117c7d,2.0,-62.0
1726586351.083832,24a1602ccfab,2.0,-62.0
1726586351.0858428,a4cf12fdaea9,2.0,-64.0
1726586351.123344,d8bfc0117c7d,2.0,-61.0
1726586351.1273391,a4cf12fdaea9,2.0,-64.0
1726586351.1353018,24a1602ccfab,2.0,-61.0
1726586351.137307,a4cf12fdaea9,2.0,-64.0
1726586351.179614,a4cf12fdaea9,2.0,-64.0
1726586351.1916146,d8bfc0117c7d,2.0,-63.0
1726586351.2192664,a4cf12fdaea9,2.0,-64.0
1726586351.2302477,24a1602ccfab,2.0,-61.0
1726586351.244214,24a1602ccfab,2.0,-61.0
1726586351.260174,d8bfc0117c7d,2.0,-64.0
1726586351.2631757,a4cf12fdaea9,2.0,-62.0
1726586351.270179,d8bfc0117c7d,2.0,-63.0
1726586351.2721715,a4cf12fdaea9,2.0,-63.0
1726586351.2736416,24a1602ccfab,2.0,-60.0
1726586351.3005314,24a1602ccfab,2.0,-56.0
1726586351.3114803,a4cf12fdaea9,2.0,-55.0
1726586351.3134801,24a1602ccfab,2.0,-56.0
1726586351.320475,d8bfc0117c7d,2.0,-55.0
1726586351.662358,d8bfc0117c7d,2.0,-63.0
1726586351.6781657,a4cf12fdaea9,2.0,-65.0
1726586351.6901615,24a1602ccfab,2.0,-61.0
1726586351.7022226,24a1602ccfab,2.0,-61.0
1726586351.7102208,d8bfc0117c7d,2.0,-62.0
1726586351.712218,24a1602ccfab,2.0,-61.0
1726586351.7362497,a4cf12fdaea9,2.0,-65.0
1726586351.7452176,d8bfc0117c7d,2.0,-62.0
1726586351.766314,24a1602ccfab,2.0,-61.0
1726586351.8022661,24a1602ccfab,2.0,-60.0
1726586351.8122525,d8bfc0117c7d,2.0,-61.0
1726586351.8199286,a4cf12fdaea9,2.0,-64.0
1726586351.8219366,d8bfc0117c7d,2.0,-62.0
1726586351.8239322,d8bfc0117c7d,2.0,-61.0
1726586351.8369427,a4cf12fdaea9,2.0,-65.0
1726586351.8399327,24a1602ccfab,2.0,-56.0
1726586351.8593318,a4cf12fdaea9,2.0,-59.0
1726586351.877669,d8bfc0117c7d,2.0,-56.0
1726586351.9033482,24a1602ccfab,2.0,-54.0
1726586351.9143682,a4cf12fdaea9,2.0,-58.0
1726586351.9319994,24a1602ccfab,2.0,-54.0
1726586351.9457579,d8bfc0117c7d,2.0,-56.0
1726586351.9537554,24a1602ccfab,2.0,-55.0
1726586351.9682016,d8bfc0117c7d,2.0,-56.0
1726586351.9851613,d8bfc0117c7d,2.0,-62.0
1726586351.9943573,a4cf12fdaea9,2.0,-65.0
1726586351.9953563,24a1602ccfab,2.0,-61.0
1726586352.0136168,24a1602ccfab,2.0,-62.0
1726586352.01962,a4cf12fdaea9,2.0,-64.0
1726586352.02161,d8bfc0117c7d,2.0,-62.0
1726586352.022611,24a1602ccfab,2.0,-62.0
1726586371.006474,d8bfc0117c7d,3.0,-67.0
1726586371.0149834,24a1602ccfab,3.0,-63.0
1726586371.0170097,a4cf12fdaea9,3.0,-69.0
1726586371.0438292,a4cf12fdaea9,3.0,-68.0
1726586371.0548356,d8bfc0117c7d,3.0,-67.0
1726586371.0638702,24a1602ccfab,3.0,-63.0
1726586371.0860424,d8bfc0117c7d,3.0,-67.0
1726586371.4790528,24a1602ccfab,3.0,-63.0
1726586371.4908135,d8bfc0117c7d,3.0,-69.0
1726586371.5368185,24a1602ccfab,3.0,-63.0
1726586371.5398161,a4cf12fdaea9,3.0,-67.0
1726586371.5509179,d8bfc0117c7d,3.0,-69.0
1726586371.553924,a4cf12fdaea9,3.0,-67.0
1726586371.5709193,24a1602ccfab,3.0,-64.0
1726586371.5819304,d8bfc0117c7d,3.0,-68.0
1726586371.6087222,24a1602ccfab,3.0,-64.0
1726586371.6237185,d8bfc0117c7d,3.0,-68.0
1726586371.6257217,24a1602ccfab,3.0,-57.0
1726586371.627719,d8bfc0117c7d,3.0,-66.0
1726586371.6297188,a4cf12fdaea9,3.0,-67.0
1726586371.6507368,a4cf12fdaea9,3.0,-68.0
1726586371.6527932,d8bfc0117c7d,3.0,-69.0
1726586371.6547723,a4cf12fdaea9,3.0,-67.0
1726586371.6557708,d8bfc0117c7d,3.0,-64.0
1726586371.6577663,24a1602ccfab,3.0,-64.0
1726586371.659141,a4cf12fdaea9,3.0,-63.0
1726586371.6611602,24a1602ccfab,3.0,-57.0
1726586371.66316,d8bfc0117c7d,3.0,-69.0
1726586371.680606,24a1602ccfab,3.0,-63.0
1726586371.6855733,d8bfc0117c7d,3.0,-66.0
1726586371.6875682,a4cf12fdaea9,3.0,-67.0
1726586371.6895695,24a1602ccfab,3.0,-56.0
1726586371.6915674,a4cf12fdaea9,3.0,-63.0
1726586371.6935828,a4cf12fdaea9,3.0,-64.0
1726586371.7077377,d8bfc0117c7d,3.0,-66.0
1726586371.7262955,24a1602ccfab,3.0,-63.0
1726586371.7441669,a4cf12fdaea9,3.0,-68.0
1726586371.7738488,24a1602ccfab,3.0,-64.0
1726586371.7910511,d8bfc0117c7d,3.0,-70.0
1726586371.8223042,a4cf12fdaea9,3.0,-67.0
1726586372.096632,d8bfc0117c7d,3.0,-69.0
1726586372.106005,24a1602ccfab,3.0,-64.0
1726586372.148768,a4cf12fdaea9,3.0,-66.0
1726586372.1597908,24a1602ccfab,3.0,-63.0
1726586372.162604,d8bfc0117c7d,3.0,-70.0
1726586372.1716003,a4cf12fdaea9,3.0,-66.0
1726586372.1745915,24a1602ccfab,3.0,-64.0
1726586372.188591,d8bfc0117c7d,3.0,-69.0
1726586372.206254,24a1602ccfab,3.0,-57.0
1726586372.2229316,a4cf12fdaea9,3.0,-66.0
1726586372.2564342,a4cf12fdaea9,3.0,-61.0
1726586372.2877636,d8bfc0117c7d,3.0,-67.0
1726586372.3027577,a4cf12fdaea9,3.0,-62.0
1726586372.3157077,a4cf12fdaea9,3.0,-67.0
1726586372.333767,d8bfc0117c7d,3.0,-69.0
1726586372.3396964,a4cf12fdaea9,3.0,-66.0
1726586372.3416967,d8bfc0117c7d,3.0,-70.0
1726586372.3437002,24a1602ccfab,3.0,-64.0
1726586372.3456957,d8bfc0117c7d,3.0,-69.0
1726586372.3603356,24a1602ccfab,3.0,-63.0
1726586372.3776212,d8bfc0117c7d,3.0,-69.0
1726586372.39963,a4cf12fdaea9,3.0,-67.0
1726586372.6595771,d8bfc0117c7d,3.0,-70.0
1726586372.6637998,24a1602ccfab,3.0,-63.0
1726586372.6727982,d8bfc0117c7d,3.0,-67.0
1726586372.6747973,24a1602ccfab,3.0,-56.0
1726586372.6935542,a4cf12fdaea9,3.0,-67.0
1726586372.7115583,a4cf12fdaea9,3.0,-63.0
1726586372.7280593,24a1602ccfab,3.0,-63.0
1726586372.747103,a4cf12fdaea9,3.0,-66.0
1726586372.7600627,d8bfc0117c7d,3.0,-69.0
1726586372.762065,24a1602ccfab,3.0,-63.0
1726586372.76508,d8bfc0117c7d,3.0,-69.0
1726586372.7795262,24a1602ccfab,3.0,-64.0
1726586372.7885683,a4cf12fdaea9,3.0,-66.0
1726586372.8015282,24a1602ccfab,3.0,-63.0
1726586372.8058496,d8bfc0117c7d,3.0,-70.0
1726586372.8068485,a4cf12fdaea9,3.0,-66.0
1726586372.8088493,d8bfc0117c7d,3.0,-70.0
1726586372.810861,24a1602ccfab,3.0,-63.0
1726586372.8118522,a4cf12fdaea9,3.0,-67.0
1726586372.813854,24a1602ccfab,3.0,-63.0
1726586372.8317063,24a1602ccfab,3.0,-64.0
1726586372.834691,d8bfc0117c7d,3.0,-70.0
1726586372.8366914,24a1602ccfab,3.0,-63.0
1726586372.838691,d8bfc0117c7d,3.0,-70.0
1726586372.8406904,a4cf12fdaea9,3.0,-66.0
1726586372.842689,24a1602ccfab,3.0,-63.0
1726586372.8436918,a4cf12fdaea9,3.0,-66.0
1726586372.84571,a4cf12fdaea9,3.0,-67.0
1726586372.8605325,24a1602ccfab,3.0,-63.0
1726586372.878749,d8bfc0117c7d,3.0,-69.0
1726586373.2596946,d8bfc0117c7d,3.0,-70.0
1726586373.2708077,24a1602ccfab,3.0,-63.0
1726586373.2727935,a4cf12fdaea9,3.0,-66.0
1726586373.2737918,24a1602ccfab,3.0,-63.0
1726586373.2916949,a4cf12fdaea9,3.0,-66.0
1726586373.2944462,d8bfc0117c7d,3.0,-70.0
1726586373.296455,24a1602ccfab,3.0,-63.0
1726586373.3044543,a4cf12fdaea9,3.0,-66.0
1726586373.3164613,d8bfc0117c7d,3.0,-70.0
1726586373.319448,24a1602ccfab,3.0,-62.0
1726586373.3214476,a4cf12fdaea9,3.0,-65.0
1726586373.3224485,24a1602ccfab,3.0,-62.0
1726586373.3487332,24a1602ccfab,3.0,-64.0
1726586373.3517315,d8bfc0117c7d,3.0,-70.0
1726586373.3607357,d8bfc0117c7d,3.0,-67.0
1726586373.3617344,24a1602ccfab,3.0,-59.0
1726586373.3697565,a4cf12fdaea9,3.0,-67.0
1726586373.3833766,a4cf12fdaea9,3.0,-62.0
1726586373.397825,24a1602ccfab,3.0,-64.0
1726586373.413273,d8bfc0117c7d,3.0,-70.0
1726586373.4302936,a4cf12fdaea9,3.0,-67.0
1726586373.4462657,24a1602ccfab,3.0,-63.0
1726586373.4746869,d8bfc0117c7d,3.0,-70.0
1726586373.491145,a4cf12fdaea9,3.0,-67.0
1726586373.510316,24a1602ccfab,3.0,-56.0
1726586373.5403214,d8bfc0117c7d,3.0,-66.0
1726586373.568414,a4cf12fdaea9,3.0,-61.0
1726586373.5743797,d8bfc0117c7d,3.0,-65.0
1726586373.5763807,a4cf12fdaea9,3.0,-58.0
1726586373.5773823,24a1602ccfab,3.0,-58.0
1726586373.5793786,a4cf12fdaea9,3.0,-62.0
1726586373.5803788,d8bfc0117c7d,3.0,-67.0
1726586373.596053,a4cf12fdaea9,3.0,-62.0
1726586373.6140585,24a1602ccfab,3.0,-58.0
1726586373.6380942,24a1602ccfab,3.0,-60.0
1726586373.663056,d8bfc0117c7d,3.0,-69.0
1726586373.6789303,24a1602ccfab,3.0,-64.0
1726586373.696934,d8bfc0117c7d,3.0,-70.0
1726586373.7259295,24a1602ccfab,3.0,-64.0
1726586373.7439697,a4cf12fdaea9,3.0,-66.0
1726586373.773952,24a1602ccfab,3.0,-64.0
1726586373.7919867,a4cf12fdaea9,3.0,-67.0
1726586373.7949886,d8bfc0117c7d,3.0,-71.0
1726586373.7969897,24a1602ccfab,3.0,-58.0
1726586373.8030517,d8bfc0117c7d,3.0,-71.0
1726586373.8159978,a4cf12fdaea9,3.0,-62.0
1726586373.8219843,d8bfc0117c7d,3.0,-66.0
1726586373.8272138,a4cf12fdaea9,3.0,-62.0
1726586373.8292153,d8bfc0117c7d,3.0,-66.0
1726586373.8352726,d8bfc0117c7d,3.0,-67.0
1726586373.8432157,24a1602ccfab,3.0,-56.0
1726586373.84522,a4cf12fdaea9,3.0,-62.0
1726586373.872158,24a1602ccfab,3.0,-65.0
1726586373.880153,d8bfc0117c7d,3.0,-68.0
1726586373.8831663,d8bfc0117c7d,3.0,-67.0
1726586373.8901553,a4cf12fdaea9,3.0,-71.0
1726586373.8921535,24a1602ccfab,3.0,-66.0
1726586373.9079516,24a1602ccfab,3.0,-65.0
1726586373.9123864,d8bfc0117c7d,3.0,-66.0
1726586373.9293854,a4cf12fdaea9,3.0,-70.0
1726586373.959491,a4cf12fdaea9,3.0,-68.0
1726586373.9784942,d8bfc0117c7d,3.0,-69.0
1726586374.0085354,24a1602ccfab,3.0,-67.0
1726586374.027978,a4cf12fdaea9,3.0,-67.0
1726586374.0439808,24a1602ccfab,3.0,-65.0
1726586374.0449827,d8bfc0117c7d,3.0,-69.0
1726586374.0469806,a4cf12fdaea9,3.0,-68.0
1726586374.0500038,d8bfc0117c7d,3.0,-68.0
1726586374.0639389,24a1602ccfab,3.0,-66.0
1726586374.4564028,a4cf12fdaea9,3.0,-69.0
1726586374.4603953,d8bfc0117c7d,3.0,-70.0
1726586374.469396,24a1602ccfab,3.0,-64.0
1726586374.505059,d8bfc0117c7d,3.0,-70.0
1726586374.5140662,a4cf12fdaea9,3.0,-70.0
1726586374.5458415,24a1602ccfab,3.0,-66.0
1726586374.548859,a4cf12fdaea9,3.0,-71.0
1726586374.562479,d8bfc0117c7d,3.0,-71.0
1726586374.5647116,24a1602ccfab,3.0,-66.0
1726586374.5908396,a4cf12fdaea9,3.0,-71.0
1726586374.5928347,d8bfc0117c7d,3.0,-71.0
1726586374.5948393,24a1602ccfab,3.0,-66.0
1726586374.5961726,a4cf12fdaea9,3.0,-69.0
1726586374.6171892,d8bfc0117c7d,3.0,-70.0
1726586374.6241713,24a1602ccfab,3.0,-64.0
1726586374.6261714,24a1602ccfab,3.0,-64.0
1726586374.6281717,a4cf12fdaea9,3.0,-69.0
1726586374.6421673,d8bfc0117c7d,3.0,-70.0
1726586374.6459074,24a1602ccfab,3.0,-64.0
1726586374.6605628,a4cf12fdaea9,3.0,-69.0
1726586374.6939542,24a1602ccfab,3.0,-65.0
1726586374.7119517,d8bfc0117c7d,3.0,-70.0
1726586375.0818205,24a1602ccfab,3.0,-67.0
1726586375.091825,d8bfc0117c7d,3.0,-71.0
1726586375.0938256,a4cf12fdaea9,3.0,-69.0
1726586375.0948274,24a1602ccfab,3.0,-67.0
1726586375.0968268,a4cf12fdaea9,3.0,-69.0
1726586375.112824,24a1602ccfab,3.0,-66.0
1726586375.1287286,a4cf12fdaea9,3.0,-69.0
1726586375.1475983,24a1602ccfab,3.0,-66.0
1726586375.1636312,d8bfc0117c7d,3.0,-71.0
1726586375.1655953,24a1602ccfab,3.0,-66.0
1726586375.1826196,d8bfc0117c7d,3.0,-71.0
1726586375.189593,24a1602ccfab,3.0,-67.0
1726586375.2046068,a4cf12fdaea9,3.0,-69.0
1726586375.2098079,24a1602ccfab,3.0,-67.0
1726586375.2235196,d8bfc0117c7d,3.0,-71.0
1726586375.2435195,24a1602ccfab,3.0,-67.0
1726586375.2659981,a4cf12fdaea9,3.0,-69.0
1726586375.2738748,d8bfc0117c7d,3.0,-70.0
1726586375.2918632,a4cf12fdaea9,3.0,-69.0
1726586375.2928622,24a1602ccfab,3.0,-69.0
1726586375.2948678,a4cf12fdaea9,3.0,-69.0
1726586375.2968626,a4cf12fdaea9,3.0,-69.0
1726586375.2988632,d8bfc0117c7d,3.0,-70.0
1726586375.313894,24a1602ccfab,3.0,-64.0
1726586375.321891,a4cf12fdaea9,3.0,-69.0
1726586375.3259008,24a1602ccfab,3.0,-64.0
1726586375.3268914,24a1602ccfab,3.0,-66.0
1726586375.3288903,d8bfc0117c7d,3.0,-70.0
1726586375.335028,24a1602ccfab,3.0,-66.0
1726586375.3443854,a4cf12fdaea9,3.0,-70.0
1726586375.3463907,d8bfc0117c7d,3.0,-70.0
1726586375.3659432,24a1602ccfab,3.0,-66.0
1726586375.3799627,a4cf12fdaea9,3.0,-70.0
1726586375.4095163,d8bfc0117c7d,3.0,-70.0
1726586375.4285126,24a1602ccfab,3.0,-65.0
1726586375.44552,a4cf12fdaea9,3.0,-69.0
1726586375.659084,24a1602ccfab,3.0,-65.0
1726586375.6628892,a4cf12fdaea9,3.0,-69.0
1726586375.6708887,d8bfc0117c7d,3.0,-71.0
1726586375.673892,d8bfc0117c7d,3.0,-71.0
1726586375.67589,24a1602ccfab,3.0,-66.0
1726586375.6858897,a4cf12fdaea9,3.0,-69.0
1726586375.6984177,a4cf12fdaea9,3.0,-59.0
1726586375.716619,d8bfc0117c7d,3.0,-66.0
1726586375.7295878,a4cf12fdaea9,3.0,-59.0
1726586375.7315884,24a1602ccfab,3.0,-58.0
1726586375.7335947,24a1602ccfab,3.0,-60.0
1726586375.750855,d8bfc0117c7d,3.0,-64.0
1726586375.7667835,a4cf12fdaea9,3.0,-59.0
1726586375.7784247,a4cf12fdaea9,3.0,-63.0
1726586375.7804236,a4cf12fdaea9,3.0,-68.0
1726586375.7824254,d8bfc0117c7d,3.0,-70.0
1726586375.793091,24a1602ccfab,3.0,-65.0
1726586375.8030984,d8bfc0117c7d,3.0,-70.0
1726586375.8050907,d8bfc0117c7d,3.0,-65.0
1726586375.8070903,a4cf12fdaea9,3.0,-63.0
1726586375.8231592,d8bfc0117c7d,3.0,-70.0
1726586375.8295329,a4cf12fdaea9,3.0,-68.0
1726586375.845115,24a1602ccfab,3.0,-65.0
1726586375.8620875,24a1602ccfab,3.0,-65.0
1726586375.8817468,d8bfc0117c7d,3.0,-70.0
1726586376.2700076,a4cf12fdaea9,3.0,-69.0
1726586376.2738216,d8bfc0117c7d,3.0,-70.0
1726586376.282206,24a1602ccfab,3.0,-66.0
1726586376.3190186,d8bfc0117c7d,3.0,-65.0
1726586376.3239799,24a1602ccfab,3.0,-58.0
1726586376.33298,a4cf12fdaea9,3.0,-62.0
1726586376.3399851,d8bfc0117c7d,3.0,-65.0
1726586376.3409812,a4cf12fdaea9,3.0,-63.0
1726586376.3429835,24a1602ccfab,3.0,-58.0
1726586376.347982,24a1602ccfab,3.0,-59.0
1726586376.360214,a4cf12fdaea9,3.0,-62.0
1726586376.3644779,d8bfc0117c7d,3.0,-64.0
1726586376.3802383,a4cf12fdaea9,3.0,-62.0
1726586376.4112017,d8bfc0117c7d,3.0,-70.0
1726586376.4295745,d8bfc0117c7d,3.0,-65.0
1726586376.4455302,24a1602ccfab,3.0,-60.0
1726586376.447533,d8bfc0117c7d,3.0,-65.0
1726586376.4495342,a4cf12fdaea9,3.0,-64.0
1726586376.4565296,24a1602ccfab,3.0,-60.0
1726586376.4675372,d8bfc0117c7d,3.0,-70.0
1726586376.490208,a4cf12fdaea9,3.0,-68.0
1726586376.496189,24a1602ccfab,3.0,-65.0
1726586376.4981852,d8bfc0117c7d,3.0,-65.0
1726586376.4991872,a4cf12fdaea9,3.0,-63.0
1726586376.5150561,24a1602ccfab,3.0,-64.0
1726586376.5190783,24a1602ccfab,3.0,-58.0
1726586376.5240567,d8bfc0117c7d,3.0,-70.0
1726586376.5260587,a4cf12fdaea9,3.0,-68.0
1726586376.527063,a4cf12fdaea9,3.0,-67.0
1726586376.529056,24a1602ccfab,3.0,-66.0
1726586376.5300581,d8bfc0117c7d,3.0,-70.0
1726586376.5320563,24a1602ccfab,3.0,-66.0
1726586376.5451555,a4cf12fdaea9,3.0,-67.0
1726586376.5481415,d8bfc0117c7d,3.0,-63.0
1726586376.5531707,24a1602ccfab,3.0,-65.0
1726586376.5571477,a4cf12fdaea9,3.0,-68.0
1726586376.558146,24a1602ccfab,3.0,-59.0
1726586376.5601447,a4cf12fdaea9,3.0,-63.0
1726586376.5611532,d8bfc0117c7d,3.0,-70.0
1726586376.5631418,a4cf12fdaea9,3.0,-68.0
1726586376.5641413,24a1602ccfab,3.0,-65.0
1726586376.5661552,a4cf12fdaea9,3.0,-68.0
1726586376.5811486,d8bfc0117c7d,3.0,-71.0
1726586376.584146,24a1602ccfab,3.0,-65.0
1726586376.5871634,a4cf12fdaea9,3.0,-68.0
1726586376.856113,d8bfc0117c7d,3.0,-70.0
1726586376.8675594,a4cf12fdaea9,3.0,-68.0
1726586376.9257662,d8bfc0117c7d,3.0,-70.0
1726586376.9367416,24a1602ccfab,3.0,-65.0
1726586376.938738,a4cf12fdaea9,3.0,-68.0
1726586376.9407418,24a1602ccfab,3.0,-66.0
1726586376.995446,d8bfc0117c7d,3.0,-69.0
1726586377.0064533,a4cf12fdaea9,3.0,-67.0
1726586377.0094948,d8bfc0117c7d,3.0,-71.0
1726586377.011489,a4cf12fdaea9,3.0,-68.0
1726586377.013489,d8bfc0117c7d,3.0,-66.0
1726586377.0144973,d8bfc0117c7d,3.0,-65.0
1726586377.0164933,d8bfc0117c7d,3.0,-65.0
1726586377.0322402,a4cf12fdaea9,3.0,-68.0
1726586377.0422835,24a1602ccfab,3.0,-59.0
1726586377.0554147,d8bfc0117c7d,3.0,-65.0
1726586377.0602841,a4cf12fdaea9,3.0,-64.0
1726586377.062284,24a1602ccfab,3.0,-59.0
1726586377.0632844,24a1602ccfab,3.0,-59.0
1726586377.0652835,a4cf12fdaea9,3.0,-64.0
1726586377.078363,24a1602ccfab,3.0,-59.0
1726586377.0803573,a4cf12fdaea9,3.0,-60.0
1726586377.0823712,a4cf12fdaea9,3.0,-63.0
1726586377.0997133,d8bfc0117c7d,3.0,-70.0
1726586377.1167092,24a1602ccfab,3.0,-66.0
1726586377.1464126,a4cf12fdaea9,3.0,-69.0
1726586377.1635027,24a1602ccfab,3.0,-66.0
1726586377.1805437,d8bfc0117c7d,3.0,-70.0
1726586377.212963,d8bfc0117c7d,3.0,-69.0
1726586377.2283318,a4cf12fdaea9,3.0,-68.0
1726586377.230332,24a1602ccfab,3.0,-66.0
1726586377.2313337,a4cf12fdaea9,3.0,-68.0
1726586377.453887,d8bfc0117c7d,3.0,-70.0
1726586377.4639235,a4cf12fdaea9,3.0,-68.0
1726586377.4659226,d8bfc0117c7d,3.0,-70.0
1726586377.497508,24a1602ccfab,3.0,-66.0
1726586377.5144792,24a1602ccfab,3.0,-65.0
1726586377.5348327,d8bfc0117c7d,3.0,-71.0
1726586377.5638359,a4cf12fdaea9,3.0,-68.0
1726586377.5827732,d8bfc0117c7d,3.0,-70.0
1726586377.5994635,a4cf12fdaea9,3.0,-68.0
1726586377.6304622,24a1602ccfab,3.0,-64.0
1726586377.6474612,a4cf12fdaea9,3.0,-68.0
1726586377.6484604,d8bfc0117c7d,3.0,-69.0
1726586377.650465,24a1602ccfab,3.0,-66.0
1726586377.657872,d8bfc0117c7d,3.0,-71.0
1726586377.6699061,a4cf12fdaea9,3.0,-68.0
1726586377.6805003,24a1602ccfab,3.0,-65.0
1726586377.6827528,d8bfc0117c7d,3.0,-70.0
1726586377.6843994,24a1602ccfab,3.0,-64.0
1726586377.6927595,d8bfc0117c7d,3.0,-70.0
1726586378.0746324,d8bfc0117c7d,3.0,-71.0
1726586378.078599,24a1602ccfab,3.0,-66.0
1726586378.0885947,a4cf12fdaea9,3.0,-69.0
1726586378.1213684,a4cf12fdaea9,3.0,-68.0
1726586378.1263192,d8bfc0117c7d,3.0,-70.0
1726586378.1373203,24a1602ccfab,3.0,-64.0
1726586378.1393156,a4cf12fdaea9,3.0,-68.0
1726586378.1413243,d8bfc0117c7d,3.0,-70.0
1726586378.1443124,24a1602ccfab,3.0,-65.0
1726586378.1939554,d8bfc0117c7d,3.0,-71.0
1726586378.2040262,24a1602ccfab,3.0,-65.0
1726586378.2294903,a4cf12fdaea9,3.0,-69.0
1726586378.2404916,24a1602ccfab,3.0,-66.0
1726586378.252153,d8bfc0117c7d,3.0,-70.0
1726586378.6503077,24a1602ccfab,3.0,-65.0
1726586378.6652527,d8bfc0117c7d,3.0,-70.0
1726586378.697029,24a1602ccfab,3.0,-59.0
1726586378.7000318,d8bfc0117c7d,3.0,-66.0
1726586378.709851,a4cf12fdaea9,3.0,-63.0
1726586378.7411106,d8bfc0117c7d,3.0,-70.0
1726586378.7526426,a4cf12fdaea9,3.0,-69.0
1726586378.7563434,24a1602ccfab,3.0,-65.0
1726586378.760331,a4cf12fdaea9,3.0,-68.0
1726586378.7623317,d8bfc0117c7d,3.0,-70.0
1726586378.7637043,24a1602ccfab,3.0,-65.0
1726586378.8096538,24a1602ccfab,3.0,-65.0
1726586378.820021,a4cf12fdaea9,3.0,-68.0
1726586378.8220437,a4cf12fdaea9,3.0,-68.0
1726586378.824023,d8bfc0117c7d,3.0,-70.0
1726586378.8260374,d8bfc0117c7d,3.0,-70.0
1726586378.827024,24a1602ccfab,3.0,-65.0
1726586378.827024,24a1602ccfab,3.0,-65.0
1726586378.8280225,a4cf12fdaea9,3.0,-68.0
1726586378.847739,a4cf12fdaea9,3.0,-63.0
1726586378.86403,24a1602ccfab,3.0,-66.0
1726586378.8824277,d8bfc0117c7d,3.0,-71.0
1726586378.8964171,24a1602ccfab,3.0,-66.0
1726586378.897426,d8bfc0117c7d,3.0,-71.0
1726586378.914442,24a1602ccfab,3.0,-65.0
1726586378.9164245,a4cf12fdaea9,3.0,-68.0
1726586379.2549174,d8bfc0117c7d,3.0,-70.0
1726586379.2651021,24a1602ccfab,3.0,-65.0
1726586379.2869263,a4cf12fdaea9,3.0,-68.0
1726586379.2929213,d8bfc0117c7d,3.0,-70.0
1726586379.2949233,24a1602ccfab,3.0,-64.0
1726586379.2979221,a4cf12fdaea9,3.0,-67.0
1726586379.3145006,a4cf12fdaea9,3.0,-62.0
1726586379.3471375,24a1602ccfab,3.0,-59.0
1726586379.3491387,d8bfc0117c7d,3.0,-66.0
1726586379.3511343,d8bfc0117c7d,3.0,-70.0
1726586379.3541422,a4cf12fdaea9,3.0,-69.0
1726586379.376139,d8bfc0117c7d,3.0,-70.0
1726586379.3863957,a4cf12fdaea9,3.0,-67.0
1726586379.4038458,d8bfc0117c7d,3.0,-65.0
1726586379.412365,a4cf12fdaea9,3.0,-63.0
1726586379.4342322,24a1602ccfab,3.0,-58.0
1726586379.4472315,d8bfc0117c7d,3.0,-64.0
1726586379.4598312,24a1602ccfab,3.0,-59.0
1726586379.4648857,a4cf12fdaea9,3.0,-61.0
1726586379.4668887,24a1602ccfab,3.0,-59.0
1726586379.4851592,d8bfc0117c7d,3.0,-66.0
1726586379.486161,24a1602ccfab,3.0,-66.0
1726586379.4951594,d8bfc0117c7d,3.0,-71.0
1726586379.4981604,a4cf12fdaea9,3.0,-69.0
1726586379.5111585,24a1602ccfab,3.0,-66.0
1726586379.5131607,d8bfc0117c7d,3.0,-71.0
1726586379.5251646,a4cf12fdaea9,3.0,-68.0
1726586379.5341003,d8bfc0117c7d,3.0,-71.0
1726586379.5639973,a4cf12fdaea9,3.0,-68.0
1726586379.5839028,d8bfc0117c7d,3.0,-71.0
1726586379.60181,d8bfc0117c7d,3.0,-71.0
1726586379.6320484,24a1602ccfab,3.0,-66.0
1726586379.647048,d8bfc0117c7d,3.0,-70.0
1726586379.6490388,a4cf12fdaea9,3.0,-68.0
1726586379.6500375,a4cf12fdaea9,3.0,-69.0
1726586379.6520443,24a1602ccfab,3.0,-65.0
1726586379.6590214,24a1602ccfab,3.0,-64.0
1726586379.9377012,d8bfc0117c7d,3.0,-70.0
1726586379.948351,a4cf12fdaea9,3.0,-68.0
1726586379.9493482,d8bfc0117c7d,3.0,-70.0
1726586379.953355,24a1602ccfab,3.0,-66.0
1726586379.9773233,d8bfc0117c7d,3.0,-69.0
1726586379.9783227,a4cf12fdaea9,3.0,-68.0
1726586379.979321,24a1602ccfab,3.0,-65.0
1726586379.9936829,d8bfc0117c7d,3.0,-69.0
1726586380.00203,24a1602ccfab,3.0,-65.0
1726586380.0192122,d8bfc0117c7d,3.0,-70.0
1726586380.0483043,a4cf12fdaea9,3.0,-68.0
1726586380.2890158,d8bfc0117c7d,3.0,-65.0
1726586380.302496,d8bfc0117c7d,3.0,-65.0
1726586380.3095622,24a1602ccfab,3.0,-57.0
1726586380.3239279,a4cf12fdaea9,3.0,-62.0
1726586380.3313518,24a1602ccfab,3.0,-58.0
1726586380.4487412,24a1602ccfab,3.0,-75.0
1726586380.4587412,a4cf12fdaea9,3.0,-80.0
1726586380.4809299,d8bfc0117c7d,3.0,-70.0
1726586380.487485,a4cf12fdaea9,3.0,-69.0
1726586380.5162084,24a1602ccfab,3.0,-65.0
1726586380.5262105,a4cf12fdaea9,3.0,-69.0
1726586380.5282066,24a1602ccfab,3.0,-65.0
1726586380.5322106,d8bfc0117c7d,3.0,-70.0
1726586380.5486574,24a1602ccfab,3.0,-65.0
1726586380.5636404,a4cf12fdaea9,3.0,-68.0
1726586380.565638,d8bfc0117c7d,3.0,-70.0
1726586380.56774,d8bfc0117c7d,3.0,-70.0
1726586380.568762,a4cf12fdaea9,3.0,-68.0
1726586380.570752,24a1602ccfab,3.0,-65.0
1726586380.589414,d8bfc0117c7d,3.0,-70.0
1726586380.5914176,d8bfc0117c7d,3.0,-70.0
1726586380.5924175,24a1602ccfab,3.0,-65.0
1726586380.6044292,d8bfc0117c7d,3.0,-69.0
1726586380.6214194,24a1602ccfab,3.0,-64.0
1726586380.6294162,d8bfc0117c7d,3.0,-69.0
1726586380.6461945,a4cf12fdaea9,3.0,-67.0
1726586380.6471946,d8bfc0117c7d,3.0,-66.0
1726586380.6491978,24a1602ccfab,3.0,-59.0
1726586380.649946,a4cf12fdaea9,3.0,-67.0
1726586380.6519566,a4cf12fdaea9,3.0,-67.0
1726586380.6529546,24a1602ccfab,3.0,-59.0
1726586380.66199,a4cf12fdaea9,3.0,-63.0
1726586380.6739542,a4cf12fdaea9,3.0,-62.0
1726586380.6837535,24a1602ccfab,3.0,-65.0
1726586380.685752,a4cf12fdaea9,3.0,-68.0
1726586380.694151,d8bfc0117c7d,3.0,-70.0
1726586380.7037504,24a1602ccfab,3.0,-65.0
1726586380.7203233,a4cf12fdaea9,3.0,-68.0
1726586380.7273638,d8bfc0117c7d,3.0,-70.0
1726586380.7293184,a4cf12fdaea9,3.0,-68.0
1726586380.731178,24a1602ccfab,3.0,-65.0
1726586380.7321973,a4cf12fdaea9,3.0,-67.0
1726586380.7448924,d8bfc0117c7d,3.0,-71.0
1726586380.7491171,a4cf12fdaea9,3.0,-67.0
1726586380.7639542,d8bfc0117c7d,3.0,-70.0
1726586380.7659578,24a1602ccfab,3.0,-65.0
1726586380.7679505,24a1602ccfab,3.0,-65.0
1726586380.7689526,a4cf12fdaea9,3.0,-67.0
1726586380.7709837,d8bfc0117c7d,3.0,-70.0
1726586380.7789645,d8bfc0117c7d,3.0,-70.0
1726586380.791957,24a1602ccfab,3.0,-65.0
1726586380.7939525,a4cf12fdaea9,3.0,-67.0
1726586380.7949538,24a1602ccfab,3.0,-65.0
1726586380.7961292,a4cf12fdaea9,3.0,-67.0
1726586380.797957,d8bfc0117c7d,3.0,-70.0
1726586380.7999675,24a1602ccfab,3.0,-65.0
1726586380.8009665,d8bfc0117c7d,3.0,-70.0
1726586380.8030057,24a1602ccfab,3.0,-65.0
1726586380.8050022,a4cf12fdaea9,3.0,-67.0
1726586381.0632458,d8bfc0117c7d,3.0,-70.0
1726586381.0742638,a4cf12fdaea9,3.0,-67.0
1726586381.0782712,24a1602ccfab,3.0,-64.0
1726586381.0869842,d8bfc0117c7d,3.0,-70.0
1726586381.097989,a4cf12fdaea9,3.0,-67.0
1726586381.1180475,24a1602ccfab,3.0,-64.0
1726586381.1200476,d8bfc0117c7d,3.0,-70.0
1726586381.1260705,24a1602ccfab,3.0,-65.0
1726586381.1432045,d8bfc0117c7d,3.0,-70.0
1726586381.1511981,a4cf12fdaea9,3.0,-67.0
1726586381.1531954,a4cf12fdaea9,3.0,-67.0
1726586381.1682024,d8bfc0117c7d,3.0,-70.0
1726586381.1852012,24a1602ccfab,3.0,-64.0
1726586381.2052073,d8bfc0117c7d,3.0,-70.0
1726586381.2192724,24a1602ccfab,3.0,-65.0
1726586381.2355206,d8bfc0117c7d,3.0,-67.0
1726586381.2539947,a4cf12fdaea9,3.0,-67.0
1726586381.2828474,d8bfc0117c7d,3.0,-66.0
1726586381.2991185,a4cf12fdaea9,3.0,-62.0
1726586381.3160965,24a1602ccfab,3.0,-59.0
1726586381.3436153,d8bfc0117c7d,3.0,-66.0
1726586381.3636029,a4cf12fdaea9,3.0,-64.0
1726586381.3765428,24a1602ccfab,3.0,-59.0
1726586381.389521,a4cf12fdaea9,3.0,-68.0
1726586381.4061232,d8bfc0117c7d,3.0,-71.0
1726586381.4121354,a4cf12fdaea9,3.0,-68.0
1726586381.416143,24a1602ccfab,3.0,-66.0
1726586381.653688,a4cf12fdaea9,3.0,-71.0
1726586381.657465,24a1602ccfab,3.0,-65.0
1726586381.6664674,d8bfc0117c7d,3.0,-69.0
1726586381.7336283,a4cf12fdaea9,3.0,-68.0
1726586381.7376394,d8bfc0117c7d,3.0,-69.0
1726586381.7466373,24a1602ccfab,3.0,-65.0
1726586381.7897544,d8bfc0117c7d,3.0,-68.0
1726586381.7917488,24a1602ccfab,3.0,-64.0
1726586381.793749,d8bfc0117c7d,3.0,-68.0
1726586381.7957613,24a1602ccfab,3.0,-65.0
1726586381.811203,a4cf12fdaea9,3.0,-69.0
1726586381.8222158,d8bfc0117c7d,3.0,-69.0
1726586381.8452077,a4cf12fdaea9,3.0,-69.0
1726586381.855674,a4cf12fdaea9,3.0,-69.0
1726586382.2874248,a4cf12fdaea9,3.0,-69.0
1726586382.2985098,d8bfc0117c7d,3.0,-70.0
1726586382.300507,24a1602ccfab,3.0,-65.0
1726586382.3296816,a4cf12fdaea9,3.0,-66.0
1726586382.3396552,d8bfc0117c7d,3.0,-67.0
1726586382.3406522,24a1602ccfab,3.0,-57.0
1726586382.3416533,d8bfc0117c7d,3.0,-68.0
1726586382.3546593,24a1602ccfab,3.0,-60.0
1726586382.363663,a4cf12fdaea9,3.0,-67.0
1726586382.3720796,a4cf12fdaea9,3.0,-64.0
1726586382.3815472,d8bfc0117c7d,3.0,-66.0
1726586382.3905473,a4cf12fdaea9,3.0,-64.0
1726586382.4028335,24a1602ccfab,3.0,-64.0
1726586382.4069579,d8bfc0117c7d,3.0,-69.0
1726586382.4249868,a4cf12fdaea9,3.0,-69.0
1726586382.430845,d8bfc0117c7d,3.0,-63.0
1726586382.4328454,24a1602ccfab,3.0,-57.0
1726586382.434844,a4cf12fdaea9,3.0,-65.0
1726586382.4478474,d8bfc0117c7d,3.0,-68.0
1726586382.4498475,24a1602ccfab,3.0,-64.0
1726586382.4624665,d8bfc0117c7d,3.0,-64.0
1726586382.4794738,a4cf12fdaea9,3.0,-67.0
1726586382.4861457,a4cf12fdaea9,3.0,-64.0
1726586382.5001552,d8bfc0117c7d,3.0,-68.0
1726586382.514501,d8bfc0117c7d,3.0,-66.0
1726586382.535485,24a1602ccfab,3.0,-58.0
1726586382.5519269,a4cf12fdaea9,3.0,-68.0
1726586382.55743,a4cf12fdaea9,3.0,-63.0
1726586382.8499146,d8bfc0117c7d,3.0,-69.0
1726586382.8620021,24a1602ccfab,3.0,-63.0
1726586382.9005492,d8bfc0117c7d,3.0,-70.0
1726586382.9155447,24a1602ccfab,3.0,-63.0
1726586382.943754,d8bfc0117c7d,3.0,-65.0
1726586382.9544406,a4cf12fdaea9,3.0,-62.0
1726586382.9574792,24a1602ccfab,3.0,-56.0
1726586382.96518,24a1602ccfab,3.0,-55.0
1726586382.9671817,d8bfc0117c7d,3.0,-65.0
1726586382.9812188,a4cf12fdaea9,3.0,-63.0
1726586382.9855464,a4cf12fdaea9,3.0,-63.0
1726586383.0029755,d8bfc0117c7d,3.0,-66.0
1726586383.0334167,24a1602ccfab,3.0,-56.0
1726586383.0514095,a4cf12fdaea9,3.0,-68.0
1726586383.0674076,d8bfc0117c7d,3.0,-69.0
1726586383.090389,24a1602ccfab,3.0,-64.0
1726586383.0968168,24a1602ccfab,3.0,-63.0
1726586383.0988054,d8bfc0117c7d,3.0,-66.0
1726586397.8488467,24a1602ccfab,4.0,-72.0
1726586397.855851,d8bfc0117c7d,4.0,-66.0
1726586397.8849697,d8bfc0117c7d,4.0,-65.0
1726586397.8979669,a4cf12fdaea9,4.0,-66.0
1726586397.899961,24a1602ccfab,4.0,-72.0
1726586397.9060118,d8bfc0117c7d,4.0,-65.0
1726586397.908959,24a1602ccfab,4.0,-71.0
1726586397.9109554,a4cf12fdaea9,4.0,-65.0
1726586397.9210148,24a1602ccfab,4.0,-71.0
1726586397.9373095,d8bfc0117c7d,4.0,-65.0
1726586397.941312,a4cf12fdaea9,4.0,-65.0
1726586397.9493337,24a1602ccfab,4.0,-71.0
1726586397.9746485,a4cf12fdaea9,4.0,-64.0
1726586397.9848156,d8bfc0117c7d,4.0,-65.0
1726586397.9868138,d8bfc0117c7d,4.0,-60.0
1726586397.9928312,24a1602ccfab,4.0,-70.0
1726586397.9988134,a4cf12fdaea9,4.0,-64.0
1726586397.999813,a4cf12fdaea9,4.0,-58.0
1726586398.0319765,d8bfc0117c7d,4.0,-64.0
1726586398.0398946,24a1602ccfab,4.0,-70.0
1726586398.4661527,d8bfc0117c7d,4.0,-65.0
1726586398.4751062,a4cf12fdaea9,4.0,-64.0
1726586398.4768586,24a1602ccfab,4.0,-69.0
1726586398.4795682,a4cf12fdaea9,4.0,-64.0
1726586398.4815953,24a1602ccfab,4.0,-69.0
1726586398.4826007,d8bfc0117c7d,4.0,-65.0
1726586398.5132332,d8bfc0117c7d,4.0,-66.0
1726586398.5232413,a4cf12fdaea9,4.0,-64.0
1726586398.5262377,a4cf12fdaea9,4.0,-64.0
1726586398.528231,24a1602ccfab,4.0,-70.0
1726586398.53023,d8bfc0117c7d,4.0,-66.0
1726586398.5312386,24a1602ccfab,4.0,-70.0
1726586398.5612912,d8bfc0117c7d,4.0,-67.0
1726586398.5724943,a4cf12fdaea9,4.0,-65.0
1726586398.5753617,24a1602ccfab,4.0,-70.0
1726586398.5774915,24a1602ccfab,4.0,-70.0
1726586398.5774915,a4cf12fdaea9,4.0,-66.0
1726586398.579498,d8bfc0117c7d,4.0,-67.0
1726586398.6200867,d8bfc0117c7d,4.0,-67.0
1726586398.6270857,24a1602ccfab,4.0,-71.0
1726586399.063944,a4cf12fdaea9,4.0,-64.0
1726586399.0719855,d8bfc0117c7d,4.0,-67.0
1726586399.0739872,24a1602ccfab,4.0,-69.0
1726586399.1070383,24a1602ccfab,4.0,-68.0
1726586399.110987,a4cf12fdaea9,4.0,-65.0
1726586399.118318,d8bfc0117c7d,4.0,-66.0
1726586399.1411278,24a1602ccfab,4.0,-69.0
1726586399.14313,d8bfc0117c7d,4.0,-67.0
1726586399.1471288,a4cf12fdaea9,4.0,-65.0
1726586399.1610892,24a1602ccfab,4.0,-68.0
1726586399.1689713,a4cf12fdaea9,4.0,-63.0
1726586399.1902723,d8bfc0117c7d,4.0,-66.0
1726586399.1948311,a4cf12fdaea9,4.0,-65.0
1726586399.202829,24a1602ccfab,4.0,-69.0
1726586399.2345111,a4cf12fdaea9,4.0,-64.0
1726586399.2377136,24a1602ccfab,4.0,-69.0
1726586399.246425,d8bfc0117c7d,4.0,-65.0
1726586399.2474217,24a1602ccfab,4.0,-69.0
1726586399.2746072,d8bfc0117c7d,4.0,-57.0
1726586399.2796004,24a1602ccfab,4.0,-63.0
1726586399.292597,a4cf12fdaea9,4.0,-58.0
1726586399.6563687,d8bfc0117c7d,4.0,-67.0
1726586399.665693,a4cf12fdaea9,4.0,-65.0
1726586399.6671076,24a1602ccfab,4.0,-69.0
1726586399.7078881,24a1602ccfab,4.0,-69.0
1726586399.714888,d8bfc0117c7d,4.0,-67.0
1726586399.7887485,d8bfc0117c7d,4.0,-66.0
1726586399.791411,24a1602ccfab,4.0,-70.0
1726586399.798438,a4cf12fdaea9,4.0,-65.0
1726586399.817614,24a1602ccfab,4.0,-71.0
1726586399.8345644,d8bfc0117c7d,4.0,-66.0
1726586399.8484135,24a1602ccfab,4.0,-71.0
1726586399.8594148,a4cf12fdaea9,4.0,-65.0
1726586400.2513883,a4cf12fdaea9,4.0,-65.0
1726586400.262398,24a1602ccfab,4.0,-69.0
1726586400.264389,d8bfc0117c7d,4.0,-66.0
1726586400.3293633,a4cf12fdaea9,4.0,-58.0
1726586400.3383214,24a1602ccfab,4.0,-62.0
1726586400.3403223,a4cf12fdaea9,4.0,-65.0
1726586400.3413546,24a1602ccfab,4.0,-69.0
1726586400.3423233,d8bfc0117c7d,4.0,-65.0
1726586400.3443205,a4cf12fdaea9,4.0,-65.0
1726586400.3639257,24a1602ccfab,4.0,-62.0
1726586400.3759391,d8bfc0117c7d,4.0,-58.0
1726586400.3859334,a4cf12fdaea9,4.0,-58.0
1726586400.3921134,d8bfc0117c7d,4.0,-58.0
1726586400.4001136,24a1602ccfab,4.0,-63.0
1726586400.4021115,a4cf12fdaea9,4.0,-57.0
1726586400.409127,24a1602ccfab,4.0,-63.0
1726586400.4178734,d8bfc0117c7d,4.0,-58.0
1726586400.4208772,d8bfc0117c7d,4.0,-58.0
1726586400.4328742,24a1602ccfab,4.0,-63.0
1726586400.4348755,a4cf12fdaea9,4.0,-57.0
1726586400.4368715,24a1602ccfab,4.0,-63.0
1726586400.4468887,d8bfc0117c7d,4.0,-66.0
1726586400.4583068,a4cf12fdaea9,4.0,-65.0
1726586400.466599,d8bfc0117c7d,4.0,-67.0
1726586400.4686112,d8bfc0117c7d,4.0,-67.0
1726586400.4726508,24a1602ccfab,4.0,-69.0
1726586400.4819615,a4cf12fdaea9,4.0,-65.0
1726586400.482961,24a1602ccfab,4.0,-70.0
1726586400.48496,a4cf12fdaea9,4.0,-65.0
1726586400.876397,d8bfc0117c7d,4.0,-58.0
1726586400.8863895,a4cf12fdaea9,4.0,-58.0
1726586400.8944128,24a1602ccfab,4.0,-61.0
1726586400.9024317,d8bfc0117c7d,4.0,-58.0
1726586400.9094312,24a1602ccfab,4.0,-64.0
1726586400.9174283,d8bfc0117c7d,4.0,-58.0
1726586400.9194329,d8bfc0117c7d,4.0,-60.0
1726586400.9204307,a4cf12fdaea9,4.0,-59.0
1726586400.9419172,d8bfc0117c7d,4.0,-65.0
1726586400.9488914,a4cf12fdaea9,4.0,-65.0
1726586400.950889,24a1602ccfab,4.0,-68.0
1726586400.9528897,a4cf12fdaea9,4.0,-65.0
1726586400.986055,d8bfc0117c7d,4.0,-65.0
1726586400.9980109,a4cf12fdaea9,4.0,-64.0
1726586400.9989774,24a1602ccfab,4.0,-67.0
1726586401.0024946,d8bfc0117c7d,4.0,-60.0
1726586401.0145013,24a1602ccfab,4.0,-62.0
1726586401.0205052,a4cf12fdaea9,4.0,-58.0
1726586401.0344968,d8bfc0117c7d,4.0,-66.0
1726586401.0454953,24a1602ccfab,4.0,-69.0
1726586401.0464933,a4cf12fdaea9,4.0,-65.0
1726586401.0534663,d8bfc0117c7d,4.0,-59.0
1726586401.0666091,d8bfc0117c7d,4.0,-59.0
1726586401.079608,a4cf12fdaea9,4.0,-59.0
1726586401.091459,24a1602ccfab,4.0,-63.0
1726586401.0954094,a4cf12fdaea9,4.0,-60.0
1726586401.0973713,24a1602ccfab,4.0,-63.0
1726586401.09937,d8bfc0117c7d,4.0,-66.0
1726586401.1013706,24a1602ccfab,4.0,-69.0
1726586401.1033723,a4cf12fdaea9,4.0,-65.0
1726586401.4752905,a4cf12fdaea9,4.0,-65.0
1726586401.4833589,d8bfc0117c7d,4.0,-66.0
1726586401.4843626,24a1602ccfab,4.0,-69.0
1726586401.5091429,24a1602ccfab,4.0,-69.0
1726586401.512118,a4cf12fdaea9,4.0,-66.0
1726586401.5131192,d8bfc0117c7d,4.0,-67.0
1726586401.5496826,24a1602ccfab,4.0,-69.0
1726586401.5586288,a4cf12fdaea9,4.0,-65.0
1726586401.5606472,d8bfc0117c7d,4.0,-65.0
1726586401.5626333,d8bfc0117c7d,4.0,-59.0
1726586401.5716505,d8bfc0117c7d,4.0,-59.0
1726586401.578628,a4cf12fdaea9,4.0,-59.0
1726586401.5876758,24a1602ccfab,4.0,-64.0
1726586401.5927134,24a1602ccfab,4.0,-63.0
1726586401.5956702,d8bfc0117c7d,4.0,-65.0
1726586401.6036685,24a1602ccfab,4.0,-68.0
1726586401.6077118,d8bfc0117c7d,4.0,-65.0
1726586401.6187525,24a1602ccfab,4.0,-68.0
1726586401.6197453,a4cf12fdaea9,4.0,-65.0
1726586401.626748,d8bfc0117c7d,4.0,-66.0
1726586401.6287453,a4cf12fdaea9,4.0,-64.0
1726586401.6307538,d8bfc0117c7d,4.0,-66.0
1726586401.6337504,24a1602ccfab,4.0,-68.0
1726586401.639744,a4cf12fdaea9,4.0,-65.0
1726586401.6468003,d8bfc0117c7d,4.0,-67.0
1726586401.6527452,24a1602ccfab,4.0,-69.0
1726586402.051791,24a1602ccfab,4.0,-68.0
1726586402.058789,d8bfc0117c7d,4.0,-65.0
1726586402.0607936,a4cf12fdaea9,4.0,-64.0
1726586402.0834694,d8bfc0117c7d,4.0,-67.0
1726586402.0883365,a4cf12fdaea9,4.0,-65.0
1726586402.0963085,d8bfc0117c7d,4.0,-65.0
1726586402.0983114,24a1602ccfab,4.0,-69.0
1726586402.1201642,d8bfc0117c7d,4.0,-66.0
1726586402.123186,a4cf12fdaea9,4.0,-65.0
1726586402.1461189,d8bfc0117c7d,4.0,-59.0
1726586402.1521204,d8bfc0117c7d,4.0,-62.0
1726586402.1541238,a4cf12fdaea9,4.0,-56.0
1726586402.1631222,24a1602ccfab,4.0,-60.0
1726586402.168619,a4cf12fdaea9,4.0,-59.0
1726586402.1709185,d8bfc0117c7d,4.0,-62.0
1726586402.184448,24a1602ccfab,4.0,-60.0
1726586402.1864545,24a1602ccfab,4.0,-63.0
1726586402.1914449,24a1602ccfab,4.0,-70.0
1726586402.201443,d8bfc0117c7d,4.0,-66.0
1726586402.203442,a4cf12fdaea9,4.0,-65.0
1726586402.2114506,a4cf12fdaea9,4.0,-65.0
1726586402.2207596,d8bfc0117c7d,4.0,-66.0
1726586402.226767,24a1602ccfab,4.0,-68.0
1726586402.2287664,d8bfc0117c7d,4.0,-67.0
1726586402.2307637,a4cf12fdaea9,4.0,-65.0
1726586402.23476,d8bfc0117c7d,4.0,-67.0
1726586402.2367604,24a1602ccfab,4.0,-69.0
1726586402.276599,24a1602ccfab,4.0,-67.0
1726586402.2845914,d8bfc0117c7d,4.0,-65.0
1726586402.2865925,a4cf12fdaea9,4.0,-64.0
1726586402.2955935,a4cf12fdaea9,4.0,-65.0
1726586402.299635,d8bfc0117c7d,4.0,-65.0
1726586402.3095903,24a1602ccfab,4.0,-67.0
1726586402.3115904,d8bfc0117c7d,4.0,-59.0
1726586402.31359,24a1602ccfab,4.0,-67.0
1726586402.322447,a4cf12fdaea9,4.0,-57.0
1726586402.3324447,d8bfc0117c7d,4.0,-60.0
1726586402.3474672,24a1602ccfab,4.0,-61.0
1726586402.355451,a4cf12fdaea9,4.0,-57.0
1726586402.363471,d8bfc0117c7d,4.0,-60.0
1726586402.3738737,a4cf12fdaea9,4.0,-59.0
1726586402.3848786,24a1602ccfab,4.0,-62.0
1726586402.386864,24a1602ccfab,4.0,-64.0
1726586402.6652668,a4cf12fdaea9,4.0,-64.0
1726586402.6721468,24a1602ccfab,4.0,-68.0
1726586402.6742346,d8bfc0117c7d,4.0,-65.0
1726586402.7164133,24a1602ccfab,4.0,-69.0
1726586402.7254696,d8bfc0117c7d,4.0,-66.0
1726586402.7278273,a4cf12fdaea9,4.0,-65.0
1726586402.7296634,24a1602ccfab,4.0,-69.0
1726586402.763453,24a1602ccfab,4.0,-69.0
1726586402.7674541,d8bfc0117c7d,4.0,-66.0
1726586402.7754612,a4cf12fdaea9,4.0,-65.0
1726586402.8028576,a4cf12fdaea9,4.0,-65.0
1726586402.815873,d8bfc0117c7d,4.0,-66.0
1726586402.829724,24a1602ccfab,4.0,-68.0
1726586402.840096,d8bfc0117c7d,4.0,-65.0
1726586402.8481045,a4cf12fdaea9,4.0,-65.0
1726586403.2512612,d8bfc0117c7d,4.0,-67.0
1726586403.2554727,24a1602ccfab,4.0,-70.0
1726586403.2614827,a4cf12fdaea9,4.0,-65.0
1726586403.3034844,24a1602ccfab,4.0,-69.0
1726586403.3100033,a4cf12fdaea9,4.0,-66.0
1726586403.3130124,d8bfc0117c7d,4.0,-67.0
1726586403.3150158,24a1602ccfab,4.0,-64.0
1726586403.3262672,d8bfc0117c7d,4.0,-59.0
1726586403.331015,24a1602ccfab,4.0,-68.0
1726586403.3410175,d8bfc0117c7d,4.0,-65.0
1726586403.3460128,a4cf12fdaea9,4.0,-65.0
1726586403.3551095,24a1602ccfab,4.0,-69.0
1726586403.3671231,d8bfc0117c7d,4.0,-66.0
1726586403.3801086,a4cf12fdaea9,4.0,-65.0
1726586403.382111,24a1602ccfab,4.0,-69.0
1726586403.3852987,d8bfc0117c7d,4.0,-67.0
1726586403.3893902,d8bfc0117c7d,4.0,-58.0
1726586403.3996944,24a1602ccfab,4.0,-62.0
1726586403.405372,a4cf12fdaea9,4.0,-57.0
1726586403.4137244,24a1602ccfab,4.0,-64.0
1726586403.4263492,a4cf12fdaea9,4.0,-58.0
1726586403.4287226,d8bfc0117c7d,4.0,-59.0
1726586403.4317188,a4cf12fdaea9,4.0,-56.0
1726586403.433718,24a1602ccfab,4.0,-61.0
1726586403.4347143,d8bfc0117c7d,4.0,-60.0
1726586403.4367232,d8bfc0117c7d,4.0,-67.0
1726586403.4397185,24a1602ccfab,4.0,-69.0
1726586403.4507258,a4cf12fdaea9,4.0,-65.0
1726586403.4607213,d8bfc0117c7d,4.0,-65.0
1726586403.4767227,a4cf12fdaea9,4.0,-65.0
1726586403.483715,24a1602ccfab,4.0,-69.0
1726586403.8862987,d8bfc0117c7d,4.0,-67.0
1726586403.895961,24a1602ccfab,4.0,-71.0
1726586403.899983,d8bfc0117c7d,4.0,-67.0
1726586403.9029477,a4cf12fdaea9,4.0,-65.0
1726586403.9049475,24a1602ccfab,4.0,-71.0
1726586403.9179573,d8bfc0117c7d,4.0,-65.0
1726586403.9206583,24a1602ccfab,4.0,-71.0
1726586403.9219723,a4cf12fdaea9,4.0,-65.0
1726586403.927973,24a1602ccfab,4.0,-71.0
1726586403.9289682,d8bfc0117c7d,4.0,-65.0
1726586403.9303718,a4cf12fdaea9,4.0,-65.0
1726586403.9842389,a4cf12fdaea9,4.0,-65.0
1726586403.9896436,d8bfc0117c7d,4.0,-65.0
1726586403.9971964,d8bfc0117c7d,4.0,-65.0
1726586404.0001664,a4cf12fdaea9,4.0,-65.0
1726586404.0350792,d8bfc0117c7d,4.0,-65.0
1726586404.0470839,24a1602ccfab,4.0,-68.0
1726586404.0491624,a4cf12fdaea9,4.0,-65.0
1726586404.0589876,d8bfc0117c7d,4.0,-64.0
1726586404.0669875,24a1602ccfab,4.0,-68.0
1726586404.0782053,a4cf12fdaea9,4.0,-64.0
1726586404.0812035,24a1602ccfab,4.0,-68.0
1726586404.0932298,d8bfc0117c7d,4.0,-65.0
1726586404.097206,a4cf12fdaea9,4.0,-65.0
1726586404.1062045,a4cf12fdaea9,4.0,-64.0
1726586404.1132054,d8bfc0117c7d,4.0,-66.0
1726586404.1209486,24a1602ccfab,4.0,-68.0
1726586404.45945,24a1602ccfab,4.0,-67.0
1726586404.4674509,a4cf12fdaea9,4.0,-66.0
1726586404.4694514,d8bfc0117c7d,4.0,-66.0
1726586404.5322142,24a1602ccfab,4.0,-67.0
1726586404.5341773,d8bfc0117c7d,4.0,-67.0
1726586404.537179,24a1602ccfab,4.0,-62.0
1726586404.5471523,d8bfc0117c7d,4.0,-67.0
1726586404.5481417,d8bfc0117c7d,4.0,-59.0
1726586404.5501359,24a1602ccfab,4.0,-62.0
1726586404.5511382,a4cf12fdaea9,4.0,-66.0
1726586404.5651703,a4cf12fdaea9,4.0,-60.0
1726586404.575191,d8bfc0117c7d,4.0,-66.0
1726586404.581169,a4cf12fdaea9,4.0,-65.0
1726586404.592213,24a1602ccfab,4.0,-68.0
1726586404.6072052,d8bfc0117c7d,4.0,-67.0
1726586404.6152065,24a1602ccfab,4.0,-69.0
1726586404.6272247,a4cf12fdaea9,4.0,-68.0
1726586404.6412096,a4cf12fdaea9,4.0,-67.0
1726586404.6452043,d8bfc0117c7d,4.0,-67.0
1726586404.6552033,a4cf12fdaea9,4.0,-67.0
1726586404.6592157,24a1602ccfab,4.0,-69.0
1726586404.6722982,d8bfc0117c7d,4.0,-68.0
1726586404.677477,24a1602ccfab,4.0,-69.0
1726586404.6883333,d8bfc0117c7d,4.0,-66.0
1726586404.6923797,24a1602ccfab,4.0,-68.0
1726586404.703421,a4cf12fdaea9,4.0,-66.0
1726586404.704427,a4cf12fdaea9,4.0,-66.0
1726586404.7054095,d8bfc0117c7d,4.0,-67.0
1726586404.7114148,24a1602ccfab,4.0,-62.0
1726586404.7214131,d8bfc0117c7d,4.0,-61.0
1726586404.723421,24a1602ccfab,4.0,-62.0
1726586404.7334294,d8bfc0117c7d,4.0,-66.0
1726586404.738411,24a1602ccfab,4.0,-68.0
1726586404.7414525,d8bfc0117c7d,4.0,-66.0
1726586404.755421,a4cf12fdaea9,4.0,-66.0
1726586404.7624373,d8bfc0117c7d,4.0,-66.0
1726586404.765425,a4cf12fdaea9,4.0,-66.0
1726586404.7664094,d8bfc0117c7d,4.0,-66.0
1726586404.768411,24a1602ccfab,4.0,-68.0
1726586404.7714128,a4cf12fdaea9,4.0,-66.0
1726586405.0905592,d8bfc0117c7d,4.0,-67.0
1726586405.0943546,a4cf12fdaea9,4.0,-67.0
1726586405.1005754,d8bfc0117c7d,4.0,-66.0
1726586405.1015759,24a1602ccfab,4.0,-69.0
1726586405.1035767,d8bfc0117c7d,4.0,-62.0
1726586405.1045814,24a1602ccfab,4.0,-69.0
1726586405.1055782,a4cf12fdaea9,4.0,-67.0
1726586405.1085806,24a1602ccfab,4.0,-67.0
1726586405.11265,a4cf12fdaea9,4.0,-61.0
1726586405.114646,24a1602ccfab,4.0,-63.0
1726586405.1327543,d8bfc0117c7d,4.0,-67.0
1726586405.1407247,d8bfc0117c7d,4.0,-61.0
1726586405.1447294,a4cf12fdaea9,4.0,-68.0
1726586405.1467254,a4cf12fdaea9,4.0,-62.0
1726586405.1661055,24a1602ccfab,4.0,-68.0
1726586405.172053,a4cf12fdaea9,4.0,-67.0
1726586405.1740162,d8bfc0117c7d,4.0,-66.0
1726586405.1880052,a4cf12fdaea9,4.0,-65.0
1726586405.2000134,d8bfc0117c7d,4.0,-67.0
1726586405.2039914,24a1602ccfab,4.0,-69.0
1726586405.205996,a4cf12fdaea9,4.0,-67.0
1726586405.234026,d8bfc0117c7d,4.0,-67.0
1726586405.2359908,a4cf12fdaea9,4.0,-66.0
1726586405.2375548,d8bfc0117c7d,4.0,-62.0
1726586405.2396252,a4cf12fdaea9,4.0,-61.0
1726586405.6509898,d8bfc0117c7d,4.0,-66.0
1726586405.658873,a4cf12fdaea9,4.0,-66.0
1726586405.660846,24a1602ccfab,4.0,-67.0
1726586405.7009845,d8bfc0117c7d,4.0,-66.0
1726586405.703989,a4cf12fdaea9,4.0,-66.0
1726586405.7450035,d8bfc0117c7d,4.0,-67.0
1726586405.7527714,24a1602ccfab,4.0,-67.0
1726586405.7569332,a4cf12fdaea9,4.0,-65.0
1726586405.7639086,d8bfc0117c7d,4.0,-66.0
1726586405.7659085,24a1602ccfab,4.0,-67.0
1726586405.767909,a4cf12fdaea9,4.0,-66.0
1726586405.7779076,d8bfc0117c7d,4.0,-66.0
1726586405.7809076,d8bfc0117c7d,4.0,-67.0
1726586405.7819083,a4cf12fdaea9,4.0,-66.0
1726586405.8051257,d8bfc0117c7d,4.0,-66.0
1726586405.8131242,a4cf12fdaea9,4.0,-66.0
1726586405.8420978,a4cf12fdaea9,4.0,-67.0
1726586405.8519187,d8bfc0117c7d,4.0,-67.0
1726586405.8579025,d8bfc0117c7d,4.0,-67.0
1726586405.8669167,a4cf12fdaea9,4.0,-67.0
1726586406.2751331,24a1602ccfab,4.0,-69.0
1726586406.2831337,d8bfc0117c7d,4.0,-67.0
1726586406.2851312,a4cf12fdaea9,4.0,-67.0
1726586406.3126535,d8bfc0117c7d,4.0,-70.0
1726586406.3152275,a4cf12fdaea9,4.0,-70.0
1726586406.3182607,24a1602ccfab,4.0,-72.0
1726586406.3322296,d8bfc0117c7d,4.0,-70.0
1726586406.3382254,24a1602ccfab,4.0,-72.0
1726586406.3482268,d8bfc0117c7d,4.0,-70.0
1726586406.3555284,24a1602ccfab,4.0,-62.0
1726586406.3584719,d8bfc0117c7d,4.0,-60.0
1726586406.3653338,24a1602ccfab,4.0,-62.0
1726586406.3753023,a4cf12fdaea9,4.0,-59.0
1726586406.3882997,24a1602ccfab,4.0,-72.0
1726586406.3902998,d8bfc0117c7d,4.0,-70.0
1726586406.3933146,24a1602ccfab,4.0,-63.0
1726586406.4037285,a4cf12fdaea9,4.0,-70.0
1726586406.4056818,d8bfc0117c7d,4.0,-70.0
1726586406.4076607,a4cf12fdaea9,4.0,-62.0
1726586406.4156625,d8bfc0117c7d,4.0,-60.0
1726586406.4236581,d8bfc0117c7d,4.0,-67.0
1726586406.4306633,a4cf12fdaea9,4.0,-67.0
1726586406.4386604,a4cf12fdaea9,4.0,-66.0
1726586406.440228,d8bfc0117c7d,4.0,-66.0
1726586406.4532063,d8bfc0117c7d,4.0,-66.0
1726586406.4582047,a4cf12fdaea9,4.0,-65.0
1726586406.8822682,d8bfc0117c7d,4.0,-67.0
1726586406.8900704,a4cf12fdaea9,4.0,-66.0
1726586406.892075,24a1602ccfab,4.0,-69.0
1726586406.903068,d8bfc0117c7d,4.0,-62.0
1726586406.9090686,a4cf12fdaea9,4.0,-59.0
1726586406.9160645,d8bfc0117c7d,4.0,-62.0
1726586406.9170697,24a1602ccfab,4.0,-65.0
1726586406.9190598,d8bfc0117c7d,4.0,-69.0
1726586406.921061,a4cf12fdaea9,4.0,-70.0
1726586406.9230657,24a1602ccfab,4.0,-68.0
1726586406.9260662,d8bfc0117c7d,4.0,-69.0
1726586406.9364944,24a1602ccfab,4.0,-73.0
1726586406.9384968,a4cf12fdaea9,4.0,-70.0
1726586406.940497,d8bfc0117c7d,4.0,-68.0
1726586406.9535315,a4cf12fdaea9,4.0,-65.0
1726586406.9554935,d8bfc0117c7d,4.0,-66.0
1726586406.9605114,24a1602ccfab,4.0,-69.0
1726586406.9734957,a4cf12fdaea9,4.0,-64.0
1726586406.9795241,d8bfc0117c7d,4.0,-66.0
1726586406.981497,24a1602ccfab,4.0,-69.0
1726586406.9834955,d8bfc0117c7d,4.0,-66.0
1726586406.9884908,d8bfc0117c7d,4.0,-66.0
1726586406.9991078,a4cf12fdaea9,4.0,-64.0
1726586407.0011048,24a1602ccfab,4.0,-68.0
1726586407.0021038,a4cf12fdaea9,4.0,-64.0
1726586407.0031037,d8bfc0117c7d,4.0,-66.0
1726586407.0173593,a4cf12fdaea9,4.0,-64.0
1726586407.0193267,24a1602ccfab,4.0,-69.0
1726586407.0323973,d8bfc0117c7d,4.0,-66.0
1726586407.0343797,a4cf12fdaea9,4.0,-65.0
1726586407.039461,24a1602ccfab,4.0,-69.0
1726586407.044986,d8bfc0117c7d,4.0,-66.0
1726586407.0470145,a4cf12fdaea9,4.0,-64.0
1726586407.0480142,d8bfc0117c7d,4.0,-65.0
1726586407.0492666,24a1602ccfab,4.0,-68.0
1726586407.4678926,d8bfc0117c7d,4.0,-66.0
1726586407.4738421,a4cf12fdaea9,4.0,-65.0
1726586407.4778364,d8bfc0117c7d,4.0,-66.0
1726586407.4798372,a4cf12fdaea9,4.0,-60.0
1726586407.4808376,d8bfc0117c7d,4.0,-61.0
1726586407.4828362,a4cf12fdaea9,4.0,-60.0
1726586407.4838376,24a1602ccfab,4.0,-70.0
1726586407.4858356,24a1602ccfab,4.0,-63.0
1726586407.4878366,24a1602ccfab,4.0,-65.0
1726586407.501592,d8bfc0117c7d,4.0,-60.0
1726586407.5101366,d8bfc0117c7d,4.0,-67.0
1726586407.5159743,a4cf12fdaea9,4.0,-66.0
1726586407.5398753,a4cf12fdaea9,4.0,-64.0
1726586407.5529518,d8bfc0117c7d,4.0,-66.0
1726586407.5549457,24a1602ccfab,4.0,-70.0
1726586407.6016455,d8bfc0117c7d,4.0,-65.0
1726586407.609647,a4cf12fdaea9,4.0,-65.0
1726586407.6106467,d8bfc0117c7d,4.0,-65.0
1726586408.050909,d8bfc0117c7d,4.0,-65.0
1726586408.058554,a4cf12fdaea9,4.0,-65.0
1726586408.0626361,24a1602ccfab,4.0,-71.0
1726586408.1145074,d8bfc0117c7d,4.0,-66.0
1726586408.121734,a4cf12fdaea9,4.0,-66.0
1726586408.1230402,24a1602ccfab,4.0,-69.0
1726586408.1250725,d8bfc0117c7d,4.0,-66.0
1726586408.1730618,d8bfc0117c7d,4.0,-66.0
1726586408.1861136,a4cf12fdaea9,4.0,-65.0
1726586408.2010303,24a1602ccfab,4.0,-68.0
1726586408.209033,d8bfc0117c7d,4.0,-65.0
1726586408.216134,24a1602ccfab,4.0,-68.0
1726586408.2173448,a4cf12fdaea9,4.0,-65.0
1726586408.2193491,24a1602ccfab,4.0,-69.0
1726586408.2303631,a4cf12fdaea9,4.0,-66.0
1726586408.2323496,d8bfc0117c7d,4.0,-66.0
1726586408.2540345,d8bfc0117c7d,4.0,-65.0
1726586408.264051,a4cf12fdaea9,4.0,-64.0
1726586408.278594,d8bfc0117c7d,4.0,-66.0
1726586408.2875314,24a1602ccfab,4.0,-69.0
1726586408.2925274,a4cf12fdaea9,4.0,-65.0
1726586408.3005261,24a1602ccfab,4.0,-68.0
1726586408.305525,d8bfc0117c7d,4.0,-65.0
1726586408.3137705,a4cf12fdaea9,4.0,-65.0
1726586408.3155258,a4cf12fdaea9,4.0,-65.0
1726586408.3175616,d8bfc0117c7d,4.0,-65.0
1726586408.3195536,24a1602ccfab,4.0,-69.0
1726586408.659759,d8bfc0117c7d,4.0,-67.0
1726586408.6687076,24a1602ccfab,4.0,-68.0
1726586408.7053661,a4cf12fdaea9,4.0,-66.0
1726586408.716366,d8bfc0117c7d,4.0,-67.0
1726586408.7203615,d8bfc0117c7d,4.0,-66.0
1726586408.7334404,24a1602ccfab,4.0,-70.0
1726586408.7483745,d8bfc0117c7d,4.0,-67.0
1726586408.7563803,a4cf12fdaea9,4.0,-66.0
1726586408.7663627,24a1602ccfab,4.0,-70.0
1726586408.817708,24a1602ccfab,4.0,-70.0
1726586408.8245654,a4cf12fdaea9,4.0,-67.0
1726586408.8258078,d8bfc0117c7d,4.0,-65.0
1726586408.8309312,24a1602ccfab,4.0,-70.0
1726586408.8428123,d8bfc0117c7d,4.0,-66.0
1726586408.8508146,a4cf12fdaea9,4.0,-67.0
1726586408.8638265,d8bfc0117c7d,4.0,-66.0
1726586408.8759203,d8bfc0117c7d,4.0,-66.0
1726586408.8849194,a4cf12fdaea9,4.0,-66.0
1726586409.2815816,d8bfc0117c7d,4.0,-58.0
1726586409.283589,a4cf12fdaea9,4.0,-61.0
1726586409.2895796,24a1602ccfab,4.0,-64.0
1726586409.299505,24a1602ccfab,4.0,-64.0
1726586409.3005052,d8bfc0117c7d,4.0,-59.0
1726586409.3025055,a4cf12fdaea9,4.0,-59.0
1726586409.304505,a4cf12fdaea9,4.0,-59.0
1726586409.3065054,d8bfc0117c7d,4.0,-60.0
1726586409.3072577,24a1602ccfab,4.0,-66.0
1726586409.309307,d8bfc0117c7d,4.0,-72.0
1726586409.3133545,a4cf12fdaea9,4.0,-67.0
1726586409.3235188,24a1602ccfab,4.0,-71.0
1726586409.3247786,d8bfc0117c7d,4.0,-67.0
1726586409.368486,d8bfc0117c7d,4.0,-67.0
1726586409.3775065,24a1602ccfab,4.0,-71.0
1726586409.3814964,d8bfc0117c7d,4.0,-60.0
1726586409.383519,a4cf12fdaea9,4.0,-66.0
1726586409.385494,24a1602ccfab,4.0,-63.0
1726586409.3874962,a4cf12fdaea9,4.0,-61.0
1726586409.3884947,24a1602ccfab,4.0,-63.0
1726586409.3895075,d8bfc0117c7d,4.0,-66.0
1726586409.39151,24a1602ccfab,4.0,-71.0
1726586409.399939,a4cf12fdaea9,4.0,-67.0
1726586409.4076803,24a1602ccfab,4.0,-70.0
1726586409.409149,a4cf12fdaea9,4.0,-67.0
1726586409.415223,d8bfc0117c7d,4.0,-67.0
1726586409.4221532,d8bfc0117c7d,4.0,-65.0
1726586409.425149,24a1602ccfab,4.0,-71.0
1726586409.434371,a4cf12fdaea9,4.0,-66.0
1726586409.4364738,24a1602ccfab,4.0,-70.0
1726586409.4374695,d8bfc0117c7d,4.0,-66.0
1726586409.43947,24a1602ccfab,4.0,-70.0
1726586409.4410193,a4cf12fdaea9,4.0,-66.0
